NODE,RANK
4,0.120698544
34,0.107768638
0,0.096510674
20,0.077308048
2,0.036904835
146,0.035173344
3424,0.030985949
14,0.016459328
16,0.011379123
12,0.010968029
6,0.010583977
98,0.01040186
66,0.010391367
48,0.010373772
388,0.00961921
1170,0.009465462
18,0.009384996
2320,0.008912687
944,0.008097793
4250,0.007577675
56,0.006125624
70,0.004590507
92,0.004398295
104,0.003886663
24,0.003455264
410,0.003416631
742,0.003329112
112,0.003303155
1694,0.003050895
32,0.002997212
850,0.002930194
526,0.002871532
216,0.0026298
110,0.002623248
46,0.00256151
60,0.002477542
86,0.002406477
2086,0.002063122
78,0.002055003
1364,0.002050415
4098,0.001791026
186,0.001759864
94,0.001632376
564,0.001629083
562,0.001603159
2596,0.001545782
158,0.001459602
148,0.001413383
488,0.001404575
230,0.001398035
54,0.00132888
194,0.001267769
1256,0.00124209
3590,0.001206232
130,0.0011857
344,0.001171324
334,1.00E-03
116,9.87E-04
188,8.71E-04
160,8.62E-04
42,8.59E-04
170,8.36E-04
102,8.08E-04
164,8.08E-04
386,8.07E-04
176,7.95E-04
854,7.72E-04
2726,7.58E-04
190,7.56E-04
236,7.40E-04
256,6.80E-04
226,6.77E-04
1468,6.76E-04
278,6.75E-04
224,6.75E-04
1720,6.74E-04
1628,6.59E-04
264,6.52E-04
248,6.26E-04
280,6.23E-04
108,5.97E-04
620,5.94E-04
1008,5.93E-04
442,5.84E-04
508,5.72E-04
364,5.64E-04
274,5.55E-04
3030,5.53E-04
2710,5.29E-04
268,5.15E-04
434,5.12E-04
1634,4.97E-04
656,4.94E-04
314,4.91E-04
544,4.77E-04
1332,4.68E-04
182,4.55E-04
328,4.53E-04
174,4.50E-04
884,4.50E-04
1866,4.34E-04
168,4.32E-04
3112,4.27E-04
746,4.22E-04
310,4.20E-04
418,4.18E-04
358,4.11E-04
406,4.10E-04
356,4.05E-04
394,4.04E-04
500,3.98E-04
144,3.97E-04
640,3.81E-04
346,3.72E-04
904,3.69E-04
484,3.49E-04
658,3.47E-04
506,3.44E-04
204,3.33E-04
300,3.31E-04
82,3.30E-04
696,3.27E-04
614,3.26E-04
292,3.23E-04
650,3.17E-04
566,3.12E-04
1786,3.10E-04
288,3.08E-04
1470,3.06E-04
1546,3.05E-04
824,3.02E-04
450,3.00E-04
2452,2.95E-04
674,2.92E-04
766,2.92E-04
980,2.87E-04
444,2.81E-04
532,2.81E-04
784,2.79E-04
1294,2.78E-04
1238,2.77E-04
4416,2.77E-04
362,2.74E-04
2680,2.74E-04
458,2.70E-04
2658,2.69E-04
670,2.65E-04
2094,2.64E-04
570,2.63E-04
486,2.62E-04
242,2.62E-04
340,2.62E-04
596,2.61E-04
2354,2.59E-04
758,2.59E-04
1366,2.51E-04
736,2.50E-04
132,2.49E-04
740,2.44E-04
1490,2.44E-04
282,2.42E-04
396,2.38E-04
1018,2.38E-04
680,2.33E-04
320,2.31E-04
482,2.30E-04
704,2.26E-04
968,2.20E-04
994,2.19E-04
502,2.19E-04
1406,2.17E-04
318,2.17E-04
336,2.17E-04
788,2.15E-04
1038,2.12E-04
628,2.11E-04
856,2.09E-04
1564,2.03E-04
1832,2.01E-04
874,2.00E-04
1974,1.98E-04
700,1.98E-04
1036,1.97E-04
1150,1.97E-04
4018,1.94E-04
1054,1.91E-04
3736,1.89E-04
1550,1.85E-04
1016,1.85E-04
498,1.83E-04
676,1.82E-04
534,1.81E-04
916,1.81E-04
1334,1.79E-04
826,1.78E-04
1066,1.78E-04
848,1.77E-04
1160,1.75E-04
1696,1.74E-04
4720,1.74E-04
1308,1.73E-04
1276,1.73E-04
820,1.72E-04
1358,1.71E-04
604,1.71E-04
480,1.71E-04
698,1.70E-04
354,1.70E-04
684,1.69E-04
1378,1.69E-04
528,1.69E-04
3120,1.69E-04
1090,1.67E-04
1980,1.66E-04
1080,1.66E-04
1690,1.64E-04
662,1.64E-04
516,1.62E-04
1528,1.62E-04
342,1.61E-04
1214,1.61E-04
150,1.61E-04
1040,1.60E-04
4132,1.59E-04
1586,1.59E-04
1138,1.58E-04
1298,1.58E-04
678,1.58E-04
1184,1.58E-04
906,1.55E-04
1354,1.55E-04
576,1.54E-04
1168,1.54E-04
4498,1.54E-04
846,1.53E-04
1506,1.51E-04
2842,1.50E-04
330,1.50E-04
1166,1.49E-04
4736,1.49E-04
1118,1.48E-04
1178,1.48E-04
1412,1.48E-04
1106,1.48E-04
1930,1.45E-04
1010,1.44E-04
828,1.44E-04
1616,1.44E-04
1288,1.43E-04
626,1.43E-04
1190,1.41E-04
1754,1.41E-04
3930,1.41E-04
810,1.40E-04
1208,1.40E-04
1916,1.40E-04
1044,1.38E-04
1114,1.38E-04
714,1.38E-04
1376,1.37E-04
1660,1.37E-04
3246,1.37E-04
2216,1.36E-04
1688,1.35E-04
750,1.35E-04
3668,1.35E-04
2150,1.35E-04
1260,1.34E-04
2944,1.34E-04
2144,1.34E-04
1714,1.34E-04
892,1.33E-04
1718,1.33E-04
1870,1.33E-04
588,1.31E-04
1384,1.31E-04
928,1.31E-04
1348,1.30E-04
2914,1.30E-04
1670,1.29E-04
1624,1.29E-04
1300,1.29E-04
240,1.29E-04
2554,1.28E-04
1142,1.28E-04
2396,1.28E-04
990,1.28E-04
2210,1.28E-04
2096,1.27E-04
1124,1.27E-04
1478,1.27E-04
2798,1.27E-04
1420,1.27E-04
1600,1.27E-04
1508,1.26E-04
948,1.26E-04
1246,1.26E-04
2968,1.25E-04
4656,1.24E-04
1250,1.24E-04
936,1.23E-04
1874,1.23E-04
510,1.22E-04
4698,1.22E-04
1512,1.21E-04
1894,1.21E-04
1210,1.21E-04
4604,1.20E-04
2030,1.20E-04
840,1.19E-04
2546,1.19E-04
1844,1.19E-04
1732,1.18E-04
1858,1.17E-04
2774,1.17E-04
862,1.17E-04
438,1.17E-04
1868,1.16E-04
1132,1.16E-04
402,1.15E-04
1904,1.15E-04
1840,1.14E-04
2540,1.14E-04
2314,1.14E-04
2866,1.13E-04
312,1.13E-04
802,1.12E-04
2830,1.12E-04
2884,1.12E-04
4928,1.11E-04
962,1.11E-04
3734,1.11E-04
1098,1.11E-04
774,1.10E-04
4954,1.10E-04
3664,1.09E-04
1458,1.09E-04
1520,1.09E-04
2368,1.09E-04
3200,1.09E-04
2134,1.09E-04
2200,1.09E-04
1074,1.09E-04
1864,1.08E-04
2356,1.08E-04
3604,1.08E-04
1808,1.08E-04
832,1.07E-04
2386,1.07E-04
1676,1.07E-04
1430,1.06E-04
3964,1.06E-04
732,1.06E-04
2566,1.06E-04
2060,1.06E-04
2724,1.06E-04
4594,1.06E-04
4912,1.06E-04
3640,1.06E-04
1936,1.05E-04
2510,1.05E-04
2264,1.05E-04
2434,1.05E-04
4316,1.05E-04
4178,1.05E-04
2668,1.04E-04
552,1.04E-04
3900,1.03E-04
1426,1.03E-04
4564,1.02E-04
2044,1.02E-04
882,1.02E-04
4568,1.02E-04
1876,1.02E-04
1236,1.02E-04
1886,1.02E-04
2014,1.01E-04
1798,1.01E-04
1252,1.00E-04
1000,1.00E-04
654,1.00E-04
2234,9.99E-05
3510,9.99E-05
2036,9.97E-05
4542,9.93E-05
3674,9.92E-05
2528,9.91E-05
2058,9.90E-05
1964,9.84E-05
2998,9.78E-05
1756,9.77E-05
2548,9.77E-05
2126,9.75E-05
2924,9.67E-05
2906,9.66E-05
812,9.63E-05
1918,9.61E-05
3838,9.59E-05
1194,9.58E-05
3446,9.57E-05
2660,9.56E-05
2258,9.54E-05
252,9.51E-05
618,9.47E-05
1092,9.46E-05
2786,9.44E-05
3432,9.42E-05
4514,9.41E-05
3064,9.39E-05
4676,9.39E-05
2698,9.36E-05
3316,9.35E-05
2308,9.33E-05
1352,9.27E-05
752,9.22E-05
952,9.22E-05
1224,9.22E-05
1978,9.20E-05
2776,9.13E-05
2606,9.08E-05
1292,9.07E-05
4070,9.05E-05
4418,9.03E-05
3340,9.00E-05
2180,8.99E-05
4748,8.94E-05
3254,8.94E-05
3904,8.94E-05
2228,8.93E-05
2204,8.90E-05
4780,8.90E-05
2148,8.88E-05
3712,8.87E-05
2188,8.82E-05
4268,8.80E-05
2102,8.77E-05
1682,8.75E-05
4226,8.72E-05
2440,8.72E-05
2000,8.70E-05
2936,8.69E-05
1536,8.68E-05
1164,8.68E-05
2158,8.67E-05
3008,8.66E-05
1582,8.65E-05
4242,8.62E-05
1576,8.61E-05
2490,8.60E-05
1192,8.59E-05
982,8.58E-05
3402,8.57E-05
2738,8.57E-05
2374,8.55E-05
960,8.44E-05
3758,8.40E-05
1510,8.40E-05
3362,8.39E-05
798,8.38E-05
2426,8.38E-05
3848,8.38E-05
1848,8.37E-05
1162,8.36E-05
2138,8.30E-05
1706,8.29E-05
3926,8.26E-05
4764,8.25E-05
2100,8.25E-05
3262,8.25E-05
2110,8.24E-05
830,8.19E-05
1652,8.18E-05
1338,8.16E-05
2836,8.15E-05
3056,8.15E-05
1188,8.15E-05
3456,8.14E-05
3818,8.13E-05
1530,8.12E-05
4380,8.11E-05
3530,8.10E-05
3764,8.10E-05
3656,8.10E-05
3224,8.08E-05
1792,8.07E-05
2828,8.07E-05
3378,8.06E-05
1014,8.04E-05
4868,8.02E-05
2960,8.02E-05
2358,8.01E-05
4930,7.98E-05
2458,7.97E-05
3284,7.94E-05
870,7.94E-05
592,7.93E-05
2380,7.88E-05
3504,7.88E-05
3328,7.85E-05
2474,7.85E-05
1982,7.85E-05
3512,7.84E-05
3076,7.83E-05
2696,7.82E-05
2720,7.82E-05
1026,7.81E-05
4348,7.78E-05
1032,7.77E-05
3406,7.75E-05
3850,7.74E-05
1382,7.73E-05
2106,7.73E-05
4420,7.68E-05
966,7.64E-05
3170,7.61E-05
2814,7.59E-05
3502,7.57E-05
1402,7.57E-05
4646,7.54E-05
3916,7.54E-05
2550,7.53E-05
3058,7.52E-05
456,7.49E-05
3370,7.49E-05
2414,7.46E-05
4414,7.44E-05
4310,7.44E-05
3568,7.41E-05
1562,7.40E-05
726,7.39E-05
3020,7.39E-05
1794,7.38E-05
3478,7.38E-05
2568,7.36E-05
3746,7.36E-05
1712,7.36E-05
1816,7.36E-05
3794,7.34E-05
3870,7.34E-05
1810,7.34E-05
3800,7.33E-05
3244,7.32E-05
2302,7.32E-05
1638,7.31E-05
2042,7.29E-05
2378,7.29E-05
4198,7.29E-05
3404,7.27E-05
4336,7.27E-05
4246,7.26E-05
1500,7.24E-05
2790,7.22E-05
2654,7.20E-05
4756,7.19E-05
2946,7.19E-05
4660,7.19E-05
3508,7.16E-05
3688,7.15E-05
2556,7.11E-05
1734,7.11E-05
3980,7.09E-05
3290,7.09E-05
3586,7.08E-05
1890,7.06E-05
2950,7.05E-05
4174,7.05E-05
1554,7.04E-05
4436,7.04E-05
3080,7.04E-05
2888,7.02E-05
2214,7.02E-05
1646,7.01E-05
2062,7.00E-05
1380,7.00E-05
4906,7.00E-05
1948,6.99E-05
4354,6.99E-05
2266,6.99E-05
3398,6.98E-05
3300,6.96E-05
3928,6.95E-05
4114,6.95E-05
1742,6.95E-05
4240,6.92E-05
1956,6.92E-05
4150,6.92E-05
4624,6.91E-05
2016,6.91E-05
1602,6.89E-05
1926,6.88E-05
4688,6.88E-05
3842,6.85E-05
2708,6.85E-05
3324,6.84E-05
4136,6.83E-05
3248,6.83E-05
2304,6.83E-05
1446,6.82E-05
4282,6.82E-05
3054,6.82E-05
996,6.76E-05
1320,6.75E-05
3116,6.75E-05
1524,6.75E-05
3588,6.74E-05
4990,6.71E-05
3454,6.71E-05
2644,6.71E-05
3038,6.71E-05
3250,6.71E-05
3518,6.68E-05
852,6.60E-05
3292,6.60E-05
2028,6.60E-05
2524,6.56E-05
3560,6.55E-05
2860,6.53E-05
2768,6.51E-05
3168,6.50E-05
4918,6.50E-05
2034,6.49E-05
4878,6.47E-05
4382,6.47E-05
2512,6.46E-05
3060,6.45E-05
3976,6.45E-05
4708,6.44E-05
4270,6.43E-05
4444,6.43E-05
4784,6.43E-05
2690,6.43E-05
4858,6.43E-05
2226,6.39E-05
4904,6.39E-05
3626,6.38E-05
4778,6.38E-05
3152,6.36E-05
4390,6.36E-05
3532,6.36E-05
2716,6.35E-05
3212,6.35E-05
3204,6.35E-05
1464,6.35E-05
2370,6.34E-05
4358,6.33E-05
3434,6.31E-05
3886,6.29E-05
3730,6.29E-05
3094,6.29E-05
1884,6.27E-05
4190,6.27E-05
2280,6.25E-05
1802,6.25E-05
1716,6.25E-05
2398,6.23E-05
2270,6.21E-05
4304,6.21E-05
2466,6.19E-05
4948,6.19E-05
4284,6.18E-05
2484,6.18E-05
2574,6.18E-05
3540,6.17E-05
4256,6.15E-05
4228,6.15E-05
4410,6.15E-05
4140,6.15E-05
4096,6.15E-05
4700,6.15E-05
3844,6.15E-05
4730,6.15E-05
4538,6.15E-05
3700,6.15E-05
2530,6.14E-05
3412,6.14E-05
2478,6.13E-05
3692,6.13E-05
4528,6.11E-05
2046,6.10E-05
3460,6.10E-05
2118,6.09E-05
2592,6.09E-05
3890,6.08E-05
1068,6.08E-05
3388,6.07E-05
3164,6.07E-05
3226,6.07E-05
3382,6.05E-05
3574,6.02E-05
3360,6.02E-05
3470,6.02E-05
4934,6.01E-05
4766,6.01E-05
4264,6.01E-05
1770,6.01E-05
3630,6.00E-05
2244,5.99E-05
4262,5.96E-05
2718,5.96E-05
3716,5.96E-05
1608,5.92E-05
1818,5.92E-05
4806,5.91E-05
3296,5.91E-05
1698,5.90E-05
3576,5.89E-05
2992,5.88E-05
4054,5.87E-05
3908,5.87E-05
4004,5.87E-05
4238,5.87E-05
4490,5.87E-05
4814,5.87E-05
4964,5.87E-05
3178,5.87E-05
3138,5.87E-05
1612,5.87E-05
3126,5.85E-05
3952,5.84E-05
2182,5.81E-05
3802,5.79E-05
1452,5.77E-05
4424,5.76E-05
3420,5.76E-05
3040,5.76E-05
2552,5.76E-05
2256,5.75E-05
1584,5.75E-05
3826,5.75E-05
3082,5.74E-05
1942,5.72E-05
3744,5.71E-05
4360,5.71E-05
3034,5.71E-05
1704,5.69E-05
2564,5.67E-05
1968,5.65E-05
4750,5.64E-05
942,5.64E-05
3302,5.63E-05
4296,5.63E-05
3756,5.61E-05
1692,5.59E-05
2328,5.58E-05
2642,5.58E-05
3762,5.56E-05
2754,5.56E-05
2894,5.54E-05
3218,5.54E-05
4068,5.53E-05
3486,5.52E-05
4610,5.52E-05
1356,5.52E-05
2910,5.52E-05
3544,5.52E-05
3958,5.52E-05
4126,5.52E-05
4394,5.52E-05
4852,5.52E-05
4566,5.51E-05
4706,5.50E-05
2628,5.49E-05
4076,5.49E-05
4440,5.48E-05
4808,5.47E-05
3032,5.46E-05
3206,5.46E-05
4080,5.46E-05
4982,5.46E-05
2436,5.45E-05
3636,5.44E-05
3888,5.43E-05
4454,5.43E-05
3048,5.42E-05
4060,5.41E-05
2734,5.41E-05
3906,5.41E-05
2526,5.40E-05
3742,5.39E-05
2542,5.37E-05
1590,5.35E-05
3932,5.35E-05
3466,5.34E-05
4996,5.34E-05
2850,5.34E-05
4438,5.32E-05
2502,5.31E-05
4224,5.30E-05
3392,5.28E-05
1992,5.25E-05
3956,5.25E-05
2432,5.25E-05
1860,5.24E-05
3834,5.24E-05
3914,5.24E-05
2886,5.23E-05
3740,5.23E-05
3678,5.23E-05
4890,5.22E-05
1952,5.21E-05
3006,5.21E-05
3966,5.21E-05
3774,5.21E-05
2040,5.20E-05
4900,5.18E-05
4984,5.18E-05
4050,5.17E-05
4752,5.15E-05
4252,5.14E-05
3036,5.12E-05
2412,5.12E-05
4400,5.10E-05
4008,5.09E-05
4986,5.07E-05
3570,5.06E-05
3346,5.06E-05
2544,5.06E-05
4946,5.05E-05
4908,5.04E-05
2202,5.04E-05
4432,5.01E-05
2838,5.01E-05
2616,5.01E-05
4596,5.01E-05
762,4.99E-05
2988,4.98E-05
2184,4.98E-05
1662,4.97E-05
2400,4.96E-05
4590,4.96E-05
3276,4.96E-05
3142,4.95E-05
4212,4.95E-05
4134,4.92E-05
4854,4.92E-05
3582,4.92E-05
4614,4.91E-05
2262,4.91E-05
4292,4.90E-05
4588,4.90E-05
3786,4.90E-05
4536,4.88E-05
3106,4.88E-05
4480,4.88E-05
4506,4.88E-05
4636,4.88E-05
3648,4.87E-05
2862,4.87E-05
3882,4.87E-05
2232,4.85E-05
4158,4.84E-05
1212,4.83E-05
4652,4.83E-05
3114,4.82E-05
4644,4.82E-05
4580,4.82E-05
3944,4.80E-05
2892,4.80E-05
4266,4.77E-05
3282,4.77E-05
2682,4.76E-05
2442,4.74E-05
4112,4.74E-05
4020,4.74E-05
4104,4.73E-05
4774,4.72E-05
2732,4.71E-05
3714,4.70E-05
3498,4.69E-05
1374,4.69E-05
2496,4.69E-05
4062,4.68E-05
4152,4.68E-05
4592,4.66E-05
3228,4.65E-05
3516,4.62E-05
3278,4.61E-05
2976,4.61E-05
4734,4.60E-05
4732,4.59E-05
2832,4.58E-05
4524,4.58E-05
4530,4.58E-05
4344,4.57E-05
4146,4.56E-05
4074,4.55E-05
2994,4.54E-05
3348,4.54E-05
4578,4.54E-05
1782,4.54E-05
3084,4.53E-05
4398,4.52E-05
2652,4.50E-05
2952,4.47E-05
4758,4.46E-05
4532,4.45E-05
4668,4.45E-05
4162,4.44E-05
4830,4.44E-05
4812,4.41E-05
4362,4.41E-05
4142,4.40E-05
4944,4.39E-05
3558,4.37E-05
3210,4.37E-05
4776,4.36E-05
2562,4.36E-05
3492,4.36E-05
3102,4.34E-05
4476,4.33E-05
3856,4.29E-05
2938,4.29E-05
4692,4.28E-05
4962,4.28E-05
4842,4.26E-05
4992,4.22E-05
4920,4.21E-05
3720,4.21E-05
2904,4.18E-05
4128,4.15E-05
3642,4.12E-05
2292,4.10E-05
4002,4.07E-05
1,3.93E-05
3,3.93E-05
5,3.93E-05
7,3.93E-05
8,3.93E-05
9,3.93E-05
10,3.93E-05
11,3.93E-05
13,3.93E-05
15,3.93E-05
17,3.93E-05
19,3.93E-05
21,3.93E-05
22,3.93E-05
23,3.93E-05
25,3.93E-05
26,3.93E-05
27,3.93E-05
28,3.93E-05
29,3.93E-05
30,3.93E-05
31,3.93E-05
33,3.93E-05
35,3.93E-05
36,3.93E-05
37,3.93E-05
38,3.93E-05
39,3.93E-05
40,3.93E-05
41,3.93E-05
43,3.93E-05
44,3.93E-05
45,3.93E-05
47,3.93E-05
49,3.93E-05
50,3.93E-05
51,3.93E-05
52,3.93E-05
53,3.93E-05
55,3.93E-05
57,3.93E-05
58,3.93E-05
59,3.93E-05
61,3.93E-05
62,3.93E-05
63,3.93E-05
64,3.93E-05
65,3.93E-05
67,3.93E-05
68,3.93E-05
69,3.93E-05
71,3.93E-05
72,3.93E-05
73,3.93E-05
74,3.93E-05
75,3.93E-05
76,3.93E-05
77,3.93E-05
79,3.93E-05
80,3.93E-05
81,3.93E-05
83,3.93E-05
84,3.93E-05
85,3.93E-05
87,3.93E-05
88,3.93E-05
89,3.93E-05
90,3.93E-05
91,3.93E-05
93,3.93E-05
95,3.93E-05
96,3.93E-05
97,3.93E-05
99,3.93E-05
100,3.93E-05
101,3.93E-05
103,3.93E-05
105,3.93E-05
106,3.93E-05
107,3.93E-05
109,3.93E-05
111,3.93E-05
113,3.93E-05
114,3.93E-05
115,3.93E-05
117,3.93E-05
118,3.93E-05
119,3.93E-05
120,3.93E-05
121,3.93E-05
122,3.93E-05
123,3.93E-05
124,3.93E-05
125,3.93E-05
126,3.93E-05
127,3.93E-05
128,3.93E-05
129,3.93E-05
131,3.93E-05
133,3.93E-05
134,3.93E-05
135,3.93E-05
136,3.93E-05
137,3.93E-05
138,3.93E-05
139,3.93E-05
140,3.93E-05
141,3.93E-05
142,3.93E-05
143,3.93E-05
145,3.93E-05
147,3.93E-05
149,3.93E-05
151,3.93E-05
152,3.93E-05
153,3.93E-05
154,3.93E-05
155,3.93E-05
156,3.93E-05
157,3.93E-05
159,3.93E-05
161,3.93E-05
162,3.93E-05
163,3.93E-05
165,3.93E-05
166,3.93E-05
167,3.93E-05
169,3.93E-05
171,3.93E-05
172,3.93E-05
173,3.93E-05
175,3.93E-05
177,3.93E-05
178,3.93E-05
179,3.93E-05
180,3.93E-05
181,3.93E-05
183,3.93E-05
184,3.93E-05
185,3.93E-05
187,3.93E-05
189,3.93E-05
191,3.93E-05
192,3.93E-05
193,3.93E-05
195,3.93E-05
196,3.93E-05
197,3.93E-05
198,3.93E-05
199,3.93E-05
200,3.93E-05
201,3.93E-05
202,3.93E-05
203,3.93E-05
205,3.93E-05
206,3.93E-05
207,3.93E-05
208,3.93E-05
209,3.93E-05
210,3.93E-05
211,3.93E-05
212,3.93E-05
213,3.93E-05
214,3.93E-05
215,3.93E-05
217,3.93E-05
218,3.93E-05
219,3.93E-05
220,3.93E-05
221,3.93E-05
222,3.93E-05
223,3.93E-05
225,3.93E-05
227,3.93E-05
228,3.93E-05
229,3.93E-05
231,3.93E-05
232,3.93E-05
233,3.93E-05
234,3.93E-05
235,3.93E-05
237,3.93E-05
238,3.93E-05
239,3.93E-05
241,3.93E-05
243,3.93E-05
244,3.93E-05
245,3.93E-05
246,3.93E-05
247,3.93E-05
249,3.93E-05
250,3.93E-05
251,3.93E-05
253,3.93E-05
254,3.93E-05
255,3.93E-05
257,3.93E-05
258,3.93E-05
259,3.93E-05
260,3.93E-05
261,3.93E-05
262,3.93E-05
263,3.93E-05
265,3.93E-05
266,3.93E-05
267,3.93E-05
269,3.93E-05
270,3.93E-05
271,3.93E-05
272,3.93E-05
273,3.93E-05
275,3.93E-05
276,3.93E-05
277,3.93E-05
279,3.93E-05
281,3.93E-05
283,3.93E-05
284,3.93E-05
285,3.93E-05
286,3.93E-05
287,3.93E-05
289,3.93E-05
290,3.93E-05
291,3.93E-05
293,3.93E-05
294,3.93E-05
295,3.93E-05
296,3.93E-05
297,3.93E-05
298,3.93E-05
299,3.93E-05
301,3.93E-05
302,3.93E-05
303,3.93E-05
304,3.93E-05
305,3.93E-05
306,3.93E-05
307,3.93E-05
308,3.93E-05
309,3.93E-05
311,3.93E-05
313,3.93E-05
315,3.93E-05
316,3.93E-05
317,3.93E-05
319,3.93E-05
321,3.93E-05
322,3.93E-05
323,3.93E-05
324,3.93E-05
325,3.93E-05
326,3.93E-05
327,3.93E-05
329,3.93E-05
331,3.93E-05
332,3.93E-05
333,3.93E-05
335,3.93E-05
337,3.93E-05
338,3.93E-05
339,3.93E-05
341,3.93E-05
343,3.93E-05
345,3.93E-05
347,3.93E-05
348,3.93E-05
349,3.93E-05
350,3.93E-05
351,3.93E-05
352,3.93E-05
353,3.93E-05
355,3.93E-05
357,3.93E-05
359,3.93E-05
360,3.93E-05
361,3.93E-05
363,3.93E-05
365,3.93E-05
366,3.93E-05
367,3.93E-05
368,3.93E-05
369,3.93E-05
370,3.93E-05
371,3.93E-05
372,3.93E-05
373,3.93E-05
374,3.93E-05
375,3.93E-05
376,3.93E-05
377,3.93E-05
378,3.93E-05
379,3.93E-05
380,3.93E-05
381,3.93E-05
382,3.93E-05
383,3.93E-05
384,3.93E-05
385,3.93E-05
387,3.93E-05
389,3.93E-05
390,3.93E-05
391,3.93E-05
392,3.93E-05
393,3.93E-05
395,3.93E-05
397,3.93E-05
398,3.93E-05
399,3.93E-05
400,3.93E-05
401,3.93E-05
403,3.93E-05
404,3.93E-05
405,3.93E-05
407,3.93E-05
408,3.93E-05
409,3.93E-05
411,3.93E-05
412,3.93E-05
413,3.93E-05
414,3.93E-05
415,3.93E-05
416,3.93E-05
417,3.93E-05
419,3.93E-05
420,3.93E-05
421,3.93E-05
422,3.93E-05
423,3.93E-05
424,3.93E-05
425,3.93E-05
426,3.93E-05
427,3.93E-05
428,3.93E-05
429,3.93E-05
430,3.93E-05
431,3.93E-05
432,3.93E-05
433,3.93E-05
435,3.93E-05
436,3.93E-05
437,3.93E-05
439,3.93E-05
440,3.93E-05
441,3.93E-05
443,3.93E-05
445,3.93E-05
446,3.93E-05
447,3.93E-05
448,3.93E-05
449,3.93E-05
451,3.93E-05
452,3.93E-05
453,3.93E-05
454,3.93E-05
455,3.93E-05
457,3.93E-05
459,3.93E-05
460,3.93E-05
461,3.93E-05
462,3.93E-05
463,3.93E-05
464,3.93E-05
465,3.93E-05
466,3.93E-05
467,3.93E-05
468,3.93E-05
469,3.93E-05
470,3.93E-05
471,3.93E-05
472,3.93E-05
473,3.93E-05
474,3.93E-05
475,3.93E-05
476,3.93E-05
477,3.93E-05
478,3.93E-05
479,3.93E-05
481,3.93E-05
483,3.93E-05
485,3.93E-05
487,3.93E-05
489,3.93E-05
490,3.93E-05
491,3.93E-05
492,3.93E-05
493,3.93E-05
494,3.93E-05
495,3.93E-05
496,3.93E-05
497,3.93E-05
499,3.93E-05
501,3.93E-05
503,3.93E-05
504,3.93E-05
505,3.93E-05
507,3.93E-05
509,3.93E-05
511,3.93E-05
512,3.93E-05
513,3.93E-05
514,3.93E-05
515,3.93E-05
517,3.93E-05
518,3.93E-05
519,3.93E-05
520,3.93E-05
521,3.93E-05
522,3.93E-05
523,3.93E-05
524,3.93E-05
525,3.93E-05
527,3.93E-05
529,3.93E-05
530,3.93E-05
531,3.93E-05
533,3.93E-05
535,3.93E-05
536,3.93E-05
537,3.93E-05
538,3.93E-05
539,3.93E-05
540,3.93E-05
541,3.93E-05
542,3.93E-05
543,3.93E-05
545,3.93E-05
546,3.93E-05
547,3.93E-05
548,3.93E-05
549,3.93E-05
550,3.93E-05
551,3.93E-05
553,3.93E-05
554,3.93E-05
555,3.93E-05
556,3.93E-05
557,3.93E-05
558,3.93E-05
559,3.93E-05
560,3.93E-05
561,3.93E-05
563,3.93E-05
565,3.93E-05
567,3.93E-05
568,3.93E-05
569,3.93E-05
571,3.93E-05
572,3.93E-05
573,3.93E-05
574,3.93E-05
575,3.93E-05
577,3.93E-05
578,3.93E-05
579,3.93E-05
580,3.93E-05
581,3.93E-05
582,3.93E-05
583,3.93E-05
584,3.93E-05
585,3.93E-05
586,3.93E-05
587,3.93E-05
589,3.93E-05
590,3.93E-05
591,3.93E-05
593,3.93E-05
594,3.93E-05
595,3.93E-05
597,3.93E-05
598,3.93E-05
599,3.93E-05
600,3.93E-05
601,3.93E-05
602,3.93E-05
603,3.93E-05
605,3.93E-05
606,3.93E-05
607,3.93E-05
608,3.93E-05
609,3.93E-05
610,3.93E-05
611,3.93E-05
612,3.93E-05
613,3.93E-05
615,3.93E-05
616,3.93E-05
617,3.93E-05
619,3.93E-05
621,3.93E-05
622,3.93E-05
623,3.93E-05
624,3.93E-05
625,3.93E-05
627,3.93E-05
629,3.93E-05
630,3.93E-05
631,3.93E-05
632,3.93E-05
633,3.93E-05
634,3.93E-05
635,3.93E-05
636,3.93E-05
637,3.93E-05
638,3.93E-05
639,3.93E-05
641,3.93E-05
642,3.93E-05
643,3.93E-05
644,3.93E-05
645,3.93E-05
646,3.93E-05
647,3.93E-05
648,3.93E-05
649,3.93E-05
651,3.93E-05
652,3.93E-05
653,3.93E-05
655,3.93E-05
657,3.93E-05
659,3.93E-05
660,3.93E-05
661,3.93E-05
663,3.93E-05
664,3.93E-05
665,3.93E-05
666,3.93E-05
667,3.93E-05
668,3.93E-05
669,3.93E-05
671,3.93E-05
672,3.93E-05
673,3.93E-05
675,3.93E-05
677,3.93E-05
679,3.93E-05
681,3.93E-05
682,3.93E-05
683,3.93E-05
685,3.93E-05
686,3.93E-05
687,3.93E-05
688,3.93E-05
689,3.93E-05
690,3.93E-05
691,3.93E-05
692,3.93E-05
693,3.93E-05
694,3.93E-05
695,3.93E-05
697,3.93E-05
699,3.93E-05
701,3.93E-05
702,3.93E-05
703,3.93E-05
705,3.93E-05
706,3.93E-05
707,3.93E-05
708,3.93E-05
709,3.93E-05
710,3.93E-05
711,3.93E-05
712,3.93E-05
713,3.93E-05
715,3.93E-05
716,3.93E-05
717,3.93E-05
718,3.93E-05
719,3.93E-05
720,3.93E-05
721,3.93E-05
722,3.93E-05
723,3.93E-05
724,3.93E-05
725,3.93E-05
727,3.93E-05
728,3.93E-05
729,3.93E-05
730,3.93E-05
731,3.93E-05
733,3.93E-05
734,3.93E-05
735,3.93E-05
737,3.93E-05
738,3.93E-05
739,3.93E-05
741,3.93E-05
743,3.93E-05
744,3.93E-05
745,3.93E-05
747,3.93E-05
748,3.93E-05
749,3.93E-05
751,3.93E-05
753,3.93E-05
754,3.93E-05
755,3.93E-05
756,3.93E-05
757,3.93E-05
759,3.93E-05
760,3.93E-05
761,3.93E-05
763,3.93E-05
764,3.93E-05
765,3.93E-05
767,3.93E-05
768,3.93E-05
769,3.93E-05
770,3.93E-05
771,3.93E-05
772,3.93E-05
773,3.93E-05
775,3.93E-05
776,3.93E-05
777,3.93E-05
778,3.93E-05
779,3.93E-05
780,3.93E-05
781,3.93E-05
782,3.93E-05
783,3.93E-05
785,3.93E-05
786,3.93E-05
787,3.93E-05
789,3.93E-05
790,3.93E-05
791,3.93E-05
792,3.93E-05
793,3.93E-05
794,3.93E-05
795,3.93E-05
796,3.93E-05
797,3.93E-05
799,3.93E-05
800,3.93E-05
801,3.93E-05
803,3.93E-05
804,3.93E-05
805,3.93E-05
806,3.93E-05
807,3.93E-05
808,3.93E-05
809,3.93E-05
811,3.93E-05
813,3.93E-05
814,3.93E-05
815,3.93E-05
816,3.93E-05
817,3.93E-05
818,3.93E-05
819,3.93E-05
821,3.93E-05
822,3.93E-05
823,3.93E-05
825,3.93E-05
827,3.93E-05
829,3.93E-05
831,3.93E-05
833,3.93E-05
834,3.93E-05
835,3.93E-05
836,3.93E-05
837,3.93E-05
838,3.93E-05
839,3.93E-05
841,3.93E-05
842,3.93E-05
843,3.93E-05
844,3.93E-05
845,3.93E-05
847,3.93E-05
849,3.93E-05
851,3.93E-05
853,3.93E-05
855,3.93E-05
857,3.93E-05
858,3.93E-05
859,3.93E-05
860,3.93E-05
861,3.93E-05
863,3.93E-05
864,3.93E-05
865,3.93E-05
866,3.93E-05
867,3.93E-05
868,3.93E-05
869,3.93E-05
871,3.93E-05
872,3.93E-05
873,3.93E-05
875,3.93E-05
876,3.93E-05
877,3.93E-05
878,3.93E-05
879,3.93E-05
880,3.93E-05
881,3.93E-05
883,3.93E-05
885,3.93E-05
886,3.93E-05
887,3.93E-05
888,3.93E-05
889,3.93E-05
890,3.93E-05
891,3.93E-05
893,3.93E-05
894,3.93E-05
895,3.93E-05
896,3.93E-05
897,3.93E-05
898,3.93E-05
899,3.93E-05
900,3.93E-05
901,3.93E-05
902,3.93E-05
903,3.93E-05
905,3.93E-05
907,3.93E-05
908,3.93E-05
909,3.93E-05
910,3.93E-05
911,3.93E-05
912,3.93E-05
913,3.93E-05
914,3.93E-05
915,3.93E-05
917,3.93E-05
918,3.93E-05
919,3.93E-05
920,3.93E-05
921,3.93E-05
922,3.93E-05
923,3.93E-05
924,3.93E-05
925,3.93E-05
926,3.93E-05
927,3.93E-05
929,3.93E-05
930,3.93E-05
931,3.93E-05
932,3.93E-05
933,3.93E-05
934,3.93E-05
935,3.93E-05
937,3.93E-05
938,3.93E-05
939,3.93E-05
940,3.93E-05
941,3.93E-05
943,3.93E-05
945,3.93E-05
946,3.93E-05
947,3.93E-05
949,3.93E-05
950,3.93E-05
951,3.93E-05
953,3.93E-05
954,3.93E-05
955,3.93E-05
956,3.93E-05
957,3.93E-05
958,3.93E-05
959,3.93E-05
961,3.93E-05
963,3.93E-05
964,3.93E-05
965,3.93E-05
967,3.93E-05
969,3.93E-05
970,3.93E-05
971,3.93E-05
972,3.93E-05
973,3.93E-05
974,3.93E-05
975,3.93E-05
976,3.93E-05
977,3.93E-05
978,3.93E-05
979,3.93E-05
981,3.93E-05
983,3.93E-05
984,3.93E-05
985,3.93E-05
986,3.93E-05
987,3.93E-05
988,3.93E-05
989,3.93E-05
991,3.93E-05
992,3.93E-05
993,3.93E-05
995,3.93E-05
997,3.93E-05
998,3.93E-05
999,3.93E-05
1001,3.93E-05
1002,3.93E-05
1003,3.93E-05
1004,3.93E-05
1005,3.93E-05
1006,3.93E-05
1007,3.93E-05
1009,3.93E-05
1011,3.93E-05
1012,3.93E-05
1013,3.93E-05
1015,3.93E-05
1017,3.93E-05
1019,3.93E-05
1020,3.93E-05
1021,3.93E-05
1022,3.93E-05
1023,3.93E-05
1024,3.93E-05
1025,3.93E-05
1027,3.93E-05
1028,3.93E-05
1029,3.93E-05
1030,3.93E-05
1031,3.93E-05
1033,3.93E-05
1034,3.93E-05
1035,3.93E-05
1037,3.93E-05
1039,3.93E-05
1041,3.93E-05
1042,3.93E-05
1043,3.93E-05
1045,3.93E-05
1046,3.93E-05
1047,3.93E-05
1048,3.93E-05
1049,3.93E-05
1050,3.93E-05
1051,3.93E-05
1052,3.93E-05
1053,3.93E-05
1055,3.93E-05
1056,3.93E-05
1057,3.93E-05
1058,3.93E-05
1059,3.93E-05
1060,3.93E-05
1061,3.93E-05
1062,3.93E-05
1063,3.93E-05
1064,3.93E-05
1065,3.93E-05
1067,3.93E-05
1069,3.93E-05
1070,3.93E-05
1071,3.93E-05
1072,3.93E-05
1073,3.93E-05
1075,3.93E-05
1076,3.93E-05
1077,3.93E-05
1078,3.93E-05
1079,3.93E-05
1081,3.93E-05
1082,3.93E-05
1083,3.93E-05
1084,3.93E-05
1085,3.93E-05
1086,3.93E-05
1087,3.93E-05
1088,3.93E-05
1089,3.93E-05
1091,3.93E-05
1093,3.93E-05
1094,3.93E-05
1095,3.93E-05
1096,3.93E-05
1097,3.93E-05
1099,3.93E-05
1100,3.93E-05
1101,3.93E-05
1102,3.93E-05
1103,3.93E-05
1104,3.93E-05
1105,3.93E-05
1107,3.93E-05
1108,3.93E-05
1109,3.93E-05
1110,3.93E-05
1111,3.93E-05
1112,3.93E-05
1113,3.93E-05
1115,3.93E-05
1116,3.93E-05
1117,3.93E-05
1119,3.93E-05
1120,3.93E-05
1121,3.93E-05
1122,3.93E-05
1123,3.93E-05
1125,3.93E-05
1126,3.93E-05
1127,3.93E-05
1128,3.93E-05
1129,3.93E-05
1130,3.93E-05
1131,3.93E-05
1133,3.93E-05
1134,3.93E-05
1135,3.93E-05
1136,3.93E-05
1137,3.93E-05
1139,3.93E-05
1140,3.93E-05
1141,3.93E-05
1143,3.93E-05
1144,3.93E-05
1145,3.93E-05
1146,3.93E-05
1147,3.93E-05
1148,3.93E-05
1149,3.93E-05
1151,3.93E-05
1152,3.93E-05
1153,3.93E-05
1154,3.93E-05
1155,3.93E-05
1156,3.93E-05
1157,3.93E-05
1158,3.93E-05
1159,3.93E-05
1161,3.93E-05
1163,3.93E-05
1165,3.93E-05
1167,3.93E-05
1169,3.93E-05
1171,3.93E-05
1172,3.93E-05
1173,3.93E-05
1174,3.93E-05
1175,3.93E-05
1176,3.93E-05
1177,3.93E-05
1179,3.93E-05
1180,3.93E-05
1181,3.93E-05
1182,3.93E-05
1183,3.93E-05
1185,3.93E-05
1186,3.93E-05
1187,3.93E-05
1189,3.93E-05
1191,3.93E-05
1193,3.93E-05
1195,3.93E-05
1196,3.93E-05
1197,3.93E-05
1198,3.93E-05
1199,3.93E-05
1200,3.93E-05
1201,3.93E-05
1202,3.93E-05
1203,3.93E-05
1204,3.93E-05
1205,3.93E-05
1206,3.93E-05
1207,3.93E-05
1209,3.93E-05
1211,3.93E-05
1213,3.93E-05
1215,3.93E-05
1216,3.93E-05
1217,3.93E-05
1218,3.93E-05
1219,3.93E-05
1220,3.93E-05
1221,3.93E-05
1222,3.93E-05
1223,3.93E-05
1225,3.93E-05
1226,3.93E-05
1227,3.93E-05
1228,3.93E-05
1229,3.93E-05
1230,3.93E-05
1231,3.93E-05
1232,3.93E-05
1233,3.93E-05
1234,3.93E-05
1235,3.93E-05
1237,3.93E-05
1239,3.93E-05
1240,3.93E-05
1241,3.93E-05
1242,3.93E-05
1243,3.93E-05
1244,3.93E-05
1245,3.93E-05
1247,3.93E-05
1248,3.93E-05
1249,3.93E-05
1251,3.93E-05
1253,3.93E-05
1254,3.93E-05
1255,3.93E-05
1257,3.93E-05
1258,3.93E-05
1259,3.93E-05
1261,3.93E-05
1262,3.93E-05
1263,3.93E-05
1264,3.93E-05
1265,3.93E-05
1266,3.93E-05
1267,3.93E-05
1268,3.93E-05
1269,3.93E-05
1270,3.93E-05
1271,3.93E-05
1272,3.93E-05
1273,3.93E-05
1274,3.93E-05
1275,3.93E-05
1277,3.93E-05
1278,3.93E-05
1279,3.93E-05
1280,3.93E-05
1281,3.93E-05
1282,3.93E-05
1283,3.93E-05
1284,3.93E-05
1285,3.93E-05
1286,3.93E-05
1287,3.93E-05
1289,3.93E-05
1290,3.93E-05
1291,3.93E-05
1293,3.93E-05
1295,3.93E-05
1296,3.93E-05
1297,3.93E-05
1299,3.93E-05
1301,3.93E-05
1302,3.93E-05
1303,3.93E-05
1304,3.93E-05
1305,3.93E-05
1306,3.93E-05
1307,3.93E-05
1309,3.93E-05
1310,3.93E-05
1311,3.93E-05
1312,3.93E-05
1313,3.93E-05
1314,3.93E-05
1315,3.93E-05
1316,3.93E-05
1317,3.93E-05
1318,3.93E-05
1319,3.93E-05
1321,3.93E-05
1322,3.93E-05
1323,3.93E-05
1324,3.93E-05
1325,3.93E-05
1326,3.93E-05
1327,3.93E-05
1328,3.93E-05
1329,3.93E-05
1330,3.93E-05
1331,3.93E-05
1333,3.93E-05
1335,3.93E-05
1336,3.93E-05
1337,3.93E-05
1339,3.93E-05
1340,3.93E-05
1341,3.93E-05
1342,3.93E-05
1343,3.93E-05
1344,3.93E-05
1345,3.93E-05
1346,3.93E-05
1347,3.93E-05
1349,3.93E-05
1350,3.93E-05
1351,3.93E-05
1353,3.93E-05
1355,3.93E-05
1357,3.93E-05
1359,3.93E-05
1360,3.93E-05
1361,3.93E-05
1362,3.93E-05
1363,3.93E-05
1365,3.93E-05
1367,3.93E-05
1368,3.93E-05
1369,3.93E-05
1370,3.93E-05
1371,3.93E-05
1372,3.93E-05
1373,3.93E-05
1375,3.93E-05
1377,3.93E-05
1379,3.93E-05
1381,3.93E-05
1383,3.93E-05
1385,3.93E-05
1386,3.93E-05
1387,3.93E-05
1388,3.93E-05
1389,3.93E-05
1390,3.93E-05
1391,3.93E-05
1392,3.93E-05
1393,3.93E-05
1394,3.93E-05
1395,3.93E-05
1396,3.93E-05
1397,3.93E-05
1398,3.93E-05
1399,3.93E-05
1400,3.93E-05
1401,3.93E-05
1403,3.93E-05
1404,3.93E-05
1405,3.93E-05
1407,3.93E-05
1408,3.93E-05
1409,3.93E-05
1410,3.93E-05
1411,3.93E-05
1413,3.93E-05
1414,3.93E-05
1415,3.93E-05
1416,3.93E-05
1417,3.93E-05
1418,3.93E-05
1419,3.93E-05
1421,3.93E-05
1422,3.93E-05
1423,3.93E-05
1424,3.93E-05
1425,3.93E-05
1427,3.93E-05
1428,3.93E-05
1429,3.93E-05
1431,3.93E-05
1432,3.93E-05
1433,3.93E-05
1434,3.93E-05
1435,3.93E-05
1436,3.93E-05
1437,3.93E-05
1438,3.93E-05
1439,3.93E-05
1440,3.93E-05
1441,3.93E-05
1442,3.93E-05
1443,3.93E-05
1444,3.93E-05
1445,3.93E-05
1447,3.93E-05
1448,3.93E-05
1449,3.93E-05
1450,3.93E-05
1451,3.93E-05
1453,3.93E-05
1454,3.93E-05
1455,3.93E-05
1456,3.93E-05
1457,3.93E-05
1459,3.93E-05
1460,3.93E-05
1461,3.93E-05
1462,3.93E-05
1463,3.93E-05
1465,3.93E-05
1466,3.93E-05
1467,3.93E-05
1469,3.93E-05
1471,3.93E-05
1472,3.93E-05
1473,3.93E-05
1474,3.93E-05
1475,3.93E-05
1476,3.93E-05
1477,3.93E-05
1479,3.93E-05
1480,3.93E-05
1481,3.93E-05
1482,3.93E-05
1483,3.93E-05
1484,3.93E-05
1485,3.93E-05
1486,3.93E-05
1487,3.93E-05
1488,3.93E-05
1489,3.93E-05
1491,3.93E-05
1492,3.93E-05
1493,3.93E-05
1494,3.93E-05
1495,3.93E-05
1496,3.93E-05
1497,3.93E-05
1498,3.93E-05
1499,3.93E-05
1501,3.93E-05
1502,3.93E-05
1503,3.93E-05
1504,3.93E-05
1505,3.93E-05
1507,3.93E-05
1509,3.93E-05
1511,3.93E-05
1513,3.93E-05
1514,3.93E-05
1515,3.93E-05
1516,3.93E-05
1517,3.93E-05
1518,3.93E-05
1519,3.93E-05
1521,3.93E-05
1522,3.93E-05
1523,3.93E-05
1525,3.93E-05
1526,3.93E-05
1527,3.93E-05
1529,3.93E-05
1531,3.93E-05
1532,3.93E-05
1533,3.93E-05
1534,3.93E-05
1535,3.93E-05
1537,3.93E-05
1538,3.93E-05
1539,3.93E-05
1540,3.93E-05
1541,3.93E-05
1542,3.93E-05
1543,3.93E-05
1544,3.93E-05
1545,3.93E-05
1547,3.93E-05
1548,3.93E-05
1549,3.93E-05
1551,3.93E-05
1552,3.93E-05
1553,3.93E-05
1555,3.93E-05
1556,3.93E-05
1557,3.93E-05
1558,3.93E-05
1559,3.93E-05
1560,3.93E-05
1561,3.93E-05
1563,3.93E-05
1565,3.93E-05
1566,3.93E-05
1567,3.93E-05
1568,3.93E-05
1569,3.93E-05
1570,3.93E-05
1571,3.93E-05
1572,3.93E-05
1573,3.93E-05
1574,3.93E-05
1575,3.93E-05
1577,3.93E-05
1578,3.93E-05
1579,3.93E-05
1580,3.93E-05
1581,3.93E-05
1583,3.93E-05
1585,3.93E-05
1587,3.93E-05
1588,3.93E-05
1589,3.93E-05
1591,3.93E-05
1592,3.93E-05
1593,3.93E-05
1594,3.93E-05
1595,3.93E-05
1596,3.93E-05
1597,3.93E-05
1598,3.93E-05
1599,3.93E-05
1601,3.93E-05
1603,3.93E-05
1604,3.93E-05
1605,3.93E-05
1606,3.93E-05
1607,3.93E-05
1609,3.93E-05
1610,3.93E-05
1611,3.93E-05
1613,3.93E-05
1614,3.93E-05
1615,3.93E-05
1617,3.93E-05
1618,3.93E-05
1619,3.93E-05
1620,3.93E-05
1621,3.93E-05
1622,3.93E-05
1623,3.93E-05
1625,3.93E-05
1626,3.93E-05
1627,3.93E-05
1629,3.93E-05
1630,3.93E-05
1631,3.93E-05
1632,3.93E-05
1633,3.93E-05
1635,3.93E-05
1636,3.93E-05
1637,3.93E-05
1639,3.93E-05
1640,3.93E-05
1641,3.93E-05
1642,3.93E-05
1643,3.93E-05
1644,3.93E-05
1645,3.93E-05
1647,3.93E-05
1648,3.93E-05
1649,3.93E-05
1650,3.93E-05
1651,3.93E-05
1653,3.93E-05
1654,3.93E-05
1655,3.93E-05
1656,3.93E-05
1657,3.93E-05
1658,3.93E-05
1659,3.93E-05
1661,3.93E-05
1663,3.93E-05
1664,3.93E-05
1665,3.93E-05
1666,3.93E-05
1667,3.93E-05
1668,3.93E-05
1669,3.93E-05
1671,3.93E-05
1672,3.93E-05
1673,3.93E-05
1674,3.93E-05
1675,3.93E-05
1677,3.93E-05
1678,3.93E-05
1679,3.93E-05
1680,3.93E-05
1681,3.93E-05
1683,3.93E-05
1684,3.93E-05
1685,3.93E-05
1686,3.93E-05
1687,3.93E-05
1689,3.93E-05
1691,3.93E-05
1693,3.93E-05
1695,3.93E-05
1697,3.93E-05
1699,3.93E-05
1700,3.93E-05
1701,3.93E-05
1702,3.93E-05
1703,3.93E-05
1705,3.93E-05
1707,3.93E-05
1708,3.93E-05
1709,3.93E-05
1710,3.93E-05
1711,3.93E-05
1713,3.93E-05
1715,3.93E-05
1717,3.93E-05
1719,3.93E-05
1721,3.93E-05
1722,3.93E-05
1723,3.93E-05
1724,3.93E-05
1725,3.93E-05
1726,3.93E-05
1727,3.93E-05
1728,3.93E-05
1729,3.93E-05
1730,3.93E-05
1731,3.93E-05
1733,3.93E-05
1735,3.93E-05
1736,3.93E-05
1737,3.93E-05
1738,3.93E-05
1739,3.93E-05
1740,3.93E-05
1741,3.93E-05
1743,3.93E-05
1744,3.93E-05
1745,3.93E-05
1746,3.93E-05
1747,3.93E-05
1748,3.93E-05
1749,3.93E-05
1750,3.93E-05
1751,3.93E-05
1752,3.93E-05
1753,3.93E-05
1755,3.93E-05
1757,3.93E-05
1758,3.93E-05
1759,3.93E-05
1760,3.93E-05
1761,3.93E-05
1762,3.93E-05
1763,3.93E-05
1764,3.93E-05
1765,3.93E-05
1766,3.93E-05
1767,3.93E-05
1768,3.93E-05
1769,3.93E-05
1771,3.93E-05
1772,3.93E-05
1773,3.93E-05
1774,3.93E-05
1775,3.93E-05
1776,3.93E-05
1777,3.93E-05
1778,3.93E-05
1779,3.93E-05
1780,3.93E-05
1781,3.93E-05
1783,3.93E-05
1784,3.93E-05
1785,3.93E-05
1787,3.93E-05
1788,3.93E-05
1789,3.93E-05
1790,3.93E-05
1791,3.93E-05
1793,3.93E-05
1795,3.93E-05
1796,3.93E-05
1797,3.93E-05
1799,3.93E-05
1800,3.93E-05
1801,3.93E-05
1803,3.93E-05
1804,3.93E-05
1805,3.93E-05
1806,3.93E-05
1807,3.93E-05
1809,3.93E-05
1811,3.93E-05
1812,3.93E-05
1813,3.93E-05
1814,3.93E-05
1815,3.93E-05
1817,3.93E-05
1819,3.93E-05
1820,3.93E-05
1821,3.93E-05
1822,3.93E-05
1823,3.93E-05
1824,3.93E-05
1825,3.93E-05
1826,3.93E-05
1827,3.93E-05
1828,3.93E-05
1829,3.93E-05
1830,3.93E-05
1831,3.93E-05
1833,3.93E-05
1834,3.93E-05
1835,3.93E-05
1836,3.93E-05
1837,3.93E-05
1838,3.93E-05
1839,3.93E-05
1841,3.93E-05
1842,3.93E-05
1843,3.93E-05
1845,3.93E-05
1846,3.93E-05
1847,3.93E-05
1849,3.93E-05
1850,3.93E-05
1851,3.93E-05
1852,3.93E-05
1853,3.93E-05
1854,3.93E-05
1855,3.93E-05
1856,3.93E-05
1857,3.93E-05
1859,3.93E-05
1861,3.93E-05
1862,3.93E-05
1863,3.93E-05
1865,3.93E-05
1867,3.93E-05
1869,3.93E-05
1871,3.93E-05
1872,3.93E-05
1873,3.93E-05
1875,3.93E-05
1877,3.93E-05
1878,3.93E-05
1879,3.93E-05
1880,3.93E-05
1881,3.93E-05
1882,3.93E-05
1883,3.93E-05
1885,3.93E-05
1887,3.93E-05
1888,3.93E-05
1889,3.93E-05
1891,3.93E-05
1892,3.93E-05
1893,3.93E-05
1895,3.93E-05
1896,3.93E-05
1897,3.93E-05
1898,3.93E-05
1899,3.93E-05
1900,3.93E-05
1901,3.93E-05
1902,3.93E-05
1903,3.93E-05
1905,3.93E-05
1906,3.93E-05
1907,3.93E-05
1908,3.93E-05
1909,3.93E-05
1910,3.93E-05
1911,3.93E-05
1912,3.93E-05
1913,3.93E-05
1914,3.93E-05
1915,3.93E-05
1917,3.93E-05
1919,3.93E-05
1920,3.93E-05
1921,3.93E-05
1922,3.93E-05
1923,3.93E-05
1924,3.93E-05
1925,3.93E-05
1927,3.93E-05
1928,3.93E-05
1929,3.93E-05
1931,3.93E-05
1932,3.93E-05
1933,3.93E-05
1934,3.93E-05
1935,3.93E-05
1937,3.93E-05
1938,3.93E-05
1939,3.93E-05
1940,3.93E-05
1941,3.93E-05
1943,3.93E-05
1944,3.93E-05
1945,3.93E-05
1946,3.93E-05
1947,3.93E-05
1949,3.93E-05
1950,3.93E-05
1951,3.93E-05
1953,3.93E-05
1954,3.93E-05
1955,3.93E-05
1957,3.93E-05
1958,3.93E-05
1959,3.93E-05
1960,3.93E-05
1961,3.93E-05
1962,3.93E-05
1963,3.93E-05
1965,3.93E-05
1966,3.93E-05
1967,3.93E-05
1969,3.93E-05
1970,3.93E-05
1971,3.93E-05
1972,3.93E-05
1973,3.93E-05
1975,3.93E-05
1976,3.93E-05
1977,3.93E-05
1979,3.93E-05
1981,3.93E-05
1983,3.93E-05
1984,3.93E-05
1985,3.93E-05
1986,3.93E-05
1987,3.93E-05
1988,3.93E-05
1989,3.93E-05
1990,3.93E-05
1991,3.93E-05
1993,3.93E-05
1994,3.93E-05
1995,3.93E-05
1996,3.93E-05
1997,3.93E-05
1998,3.93E-05
1999,3.93E-05
2001,3.93E-05
2002,3.93E-05
2003,3.93E-05
2004,3.93E-05
2005,3.93E-05
2006,3.93E-05
2007,3.93E-05
2008,3.93E-05
2009,3.93E-05
2010,3.93E-05
2011,3.93E-05
2012,3.93E-05
2013,3.93E-05
2015,3.93E-05
2017,3.93E-05
2018,3.93E-05
2019,3.93E-05
2020,3.93E-05
2021,3.93E-05
2022,3.93E-05
2023,3.93E-05
2024,3.93E-05
2025,3.93E-05
2026,3.93E-05
2027,3.93E-05
2029,3.93E-05
2031,3.93E-05
2032,3.93E-05
2033,3.93E-05
2035,3.93E-05
2037,3.93E-05
2038,3.93E-05
2039,3.93E-05
2041,3.93E-05
2043,3.93E-05
2045,3.93E-05
2047,3.93E-05
2048,3.93E-05
2049,3.93E-05
2050,3.93E-05
2051,3.93E-05
2052,3.93E-05
2053,3.93E-05
2054,3.93E-05
2055,3.93E-05
2056,3.93E-05
2057,3.93E-05
2059,3.93E-05
2061,3.93E-05
2063,3.93E-05
2064,3.93E-05
2065,3.93E-05
2066,3.93E-05
2067,3.93E-05
2068,3.93E-05
2069,3.93E-05
2070,3.93E-05
2071,3.93E-05
2072,3.93E-05
2073,3.93E-05
2074,3.93E-05
2075,3.93E-05
2076,3.93E-05
2077,3.93E-05
2078,3.93E-05
2079,3.93E-05
2080,3.93E-05
2081,3.93E-05
2082,3.93E-05
2083,3.93E-05
2084,3.93E-05
2085,3.93E-05
2087,3.93E-05
2088,3.93E-05
2089,3.93E-05
2090,3.93E-05
2091,3.93E-05
2092,3.93E-05
2093,3.93E-05
2095,3.93E-05
2097,3.93E-05
2098,3.93E-05
2099,3.93E-05
2101,3.93E-05
2103,3.93E-05
2104,3.93E-05
2105,3.93E-05
2107,3.93E-05
2108,3.93E-05
2109,3.93E-05
2111,3.93E-05
2112,3.93E-05
2113,3.93E-05
2114,3.93E-05
2115,3.93E-05
2116,3.93E-05
2117,3.93E-05
2119,3.93E-05
2120,3.93E-05
2121,3.93E-05
2122,3.93E-05
2123,3.93E-05
2124,3.93E-05
2125,3.93E-05
2127,3.93E-05
2128,3.93E-05
2129,3.93E-05
2130,3.93E-05
2131,3.93E-05
2132,3.93E-05
2133,3.93E-05
2135,3.93E-05
2136,3.93E-05
2137,3.93E-05
2139,3.93E-05
2140,3.93E-05
2141,3.93E-05
2142,3.93E-05
2143,3.93E-05
2145,3.93E-05
2146,3.93E-05
2147,3.93E-05
2149,3.93E-05
2151,3.93E-05
2152,3.93E-05
2153,3.93E-05
2154,3.93E-05
2155,3.93E-05
2156,3.93E-05
2157,3.93E-05
2159,3.93E-05
2160,3.93E-05
2161,3.93E-05
2162,3.93E-05
2163,3.93E-05
2164,3.93E-05
2165,3.93E-05
2166,3.93E-05
2167,3.93E-05
2168,3.93E-05
2169,3.93E-05
2170,3.93E-05
2171,3.93E-05
2172,3.93E-05
2173,3.93E-05
2174,3.93E-05
2175,3.93E-05
2176,3.93E-05
2177,3.93E-05
2178,3.93E-05
2179,3.93E-05
2181,3.93E-05
2183,3.93E-05
2185,3.93E-05
2186,3.93E-05
2187,3.93E-05
2189,3.93E-05
2190,3.93E-05
2191,3.93E-05
2192,3.93E-05
2193,3.93E-05
2194,3.93E-05
2195,3.93E-05
2196,3.93E-05
2197,3.93E-05
2198,3.93E-05
2199,3.93E-05
2201,3.93E-05
2203,3.93E-05
2205,3.93E-05
2206,3.93E-05
2207,3.93E-05
2208,3.93E-05
2209,3.93E-05
2211,3.93E-05
2212,3.93E-05
2213,3.93E-05
2215,3.93E-05
2217,3.93E-05
2218,3.93E-05
2219,3.93E-05
2220,3.93E-05
2221,3.93E-05
2222,3.93E-05
2223,3.93E-05
2224,3.93E-05
2225,3.93E-05
2227,3.93E-05
2229,3.93E-05
2230,3.93E-05
2231,3.93E-05
2233,3.93E-05
2235,3.93E-05
2236,3.93E-05
2237,3.93E-05
2238,3.93E-05
2239,3.93E-05
2240,3.93E-05
2241,3.93E-05
2242,3.93E-05
2243,3.93E-05
2245,3.93E-05
2246,3.93E-05
2247,3.93E-05
2248,3.93E-05
2249,3.93E-05
2250,3.93E-05
2251,3.93E-05
2252,3.93E-05
2253,3.93E-05
2254,3.93E-05
2255,3.93E-05
2257,3.93E-05
2259,3.93E-05
2260,3.93E-05
2261,3.93E-05
2263,3.93E-05
2265,3.93E-05
2267,3.93E-05
2268,3.93E-05
2269,3.93E-05
2271,3.93E-05
2272,3.93E-05
2273,3.93E-05
2274,3.93E-05
2275,3.93E-05
2276,3.93E-05
2277,3.93E-05
2278,3.93E-05
2279,3.93E-05
2281,3.93E-05
2282,3.93E-05
2283,3.93E-05
2284,3.93E-05
2285,3.93E-05
2286,3.93E-05
2287,3.93E-05
2288,3.93E-05
2289,3.93E-05
2290,3.93E-05
2291,3.93E-05
2293,3.93E-05
2294,3.93E-05
2295,3.93E-05
2296,3.93E-05
2297,3.93E-05
2298,3.93E-05
2299,3.93E-05
2300,3.93E-05
2301,3.93E-05
2303,3.93E-05
2305,3.93E-05
2306,3.93E-05
2307,3.93E-05
2309,3.93E-05
2310,3.93E-05
2311,3.93E-05
2312,3.93E-05
2313,3.93E-05
2315,3.93E-05
2316,3.93E-05
2317,3.93E-05
2318,3.93E-05
2319,3.93E-05
2321,3.93E-05
2322,3.93E-05
2323,3.93E-05
2324,3.93E-05
2325,3.93E-05
2326,3.93E-05
2327,3.93E-05
2329,3.93E-05
2330,3.93E-05
2331,3.93E-05
2332,3.93E-05
2333,3.93E-05
2334,3.93E-05
2335,3.93E-05
2336,3.93E-05
2337,3.93E-05
2338,3.93E-05
2339,3.93E-05
2340,3.93E-05
2341,3.93E-05
2342,3.93E-05
2343,3.93E-05
2344,3.93E-05
2345,3.93E-05
2346,3.93E-05
2347,3.93E-05
2348,3.93E-05
2349,3.93E-05
2350,3.93E-05
2351,3.93E-05
2352,3.93E-05
2353,3.93E-05
2355,3.93E-05
2357,3.93E-05
2359,3.93E-05
2360,3.93E-05
2361,3.93E-05
2362,3.93E-05
2363,3.93E-05
2364,3.93E-05
2365,3.93E-05
2366,3.93E-05
2367,3.93E-05
2369,3.93E-05
2371,3.93E-05
2372,3.93E-05
2373,3.93E-05
2375,3.93E-05
2376,3.93E-05
2377,3.93E-05
2379,3.93E-05
2381,3.93E-05
2382,3.93E-05
2383,3.93E-05
2384,3.93E-05
2385,3.93E-05
2387,3.93E-05
2388,3.93E-05
2389,3.93E-05
2390,3.93E-05
2391,3.93E-05
2392,3.93E-05
2393,3.93E-05
2394,3.93E-05
2395,3.93E-05
2397,3.93E-05
2399,3.93E-05
2401,3.93E-05
2402,3.93E-05
2403,3.93E-05
2404,3.93E-05
2405,3.93E-05
2406,3.93E-05
2407,3.93E-05
2408,3.93E-05
2409,3.93E-05
2410,3.93E-05
2411,3.93E-05
2413,3.93E-05
2415,3.93E-05
2416,3.93E-05
2417,3.93E-05
2418,3.93E-05
2419,3.93E-05
2420,3.93E-05
2421,3.93E-05
2422,3.93E-05
2423,3.93E-05
2424,3.93E-05
2425,3.93E-05
2427,3.93E-05
2428,3.93E-05
2429,3.93E-05
2430,3.93E-05
2431,3.93E-05
2433,3.93E-05
2435,3.93E-05
2437,3.93E-05
2438,3.93E-05
2439,3.93E-05
2441,3.93E-05
2443,3.93E-05
2444,3.93E-05
2445,3.93E-05
2446,3.93E-05
2447,3.93E-05
2448,3.93E-05
2449,3.93E-05
2450,3.93E-05
2451,3.93E-05
2453,3.93E-05
2454,3.93E-05
2455,3.93E-05
2456,3.93E-05
2457,3.93E-05
2459,3.93E-05
2460,3.93E-05
2461,3.93E-05
2462,3.93E-05
2463,3.93E-05
2464,3.93E-05
2465,3.93E-05
2467,3.93E-05
2468,3.93E-05
2469,3.93E-05
2470,3.93E-05
2471,3.93E-05
2472,3.93E-05
2473,3.93E-05
2475,3.93E-05
2476,3.93E-05
2477,3.93E-05
2479,3.93E-05
2480,3.93E-05
2481,3.93E-05
2482,3.93E-05
2483,3.93E-05
2485,3.93E-05
2486,3.93E-05
2487,3.93E-05
2488,3.93E-05
2489,3.93E-05
2491,3.93E-05
2492,3.93E-05
2493,3.93E-05
2494,3.93E-05
2495,3.93E-05
2497,3.93E-05
2498,3.93E-05
2499,3.93E-05
2500,3.93E-05
2501,3.93E-05
2503,3.93E-05
2504,3.93E-05
2505,3.93E-05
2506,3.93E-05
2507,3.93E-05
2508,3.93E-05
2509,3.93E-05
2511,3.93E-05
2513,3.93E-05
2514,3.93E-05
2515,3.93E-05
2516,3.93E-05
2517,3.93E-05
2518,3.93E-05
2519,3.93E-05
2520,3.93E-05
2521,3.93E-05
2522,3.93E-05
2523,3.93E-05
2525,3.93E-05
2527,3.93E-05
2529,3.93E-05
2531,3.93E-05
2532,3.93E-05
2533,3.93E-05
2534,3.93E-05
2535,3.93E-05
2536,3.93E-05
2537,3.93E-05
2538,3.93E-05
2539,3.93E-05
2541,3.93E-05
2543,3.93E-05
2545,3.93E-05
2547,3.93E-05
2549,3.93E-05
2551,3.93E-05
2553,3.93E-05
2555,3.93E-05
2557,3.93E-05
2558,3.93E-05
2559,3.93E-05
2560,3.93E-05
2561,3.93E-05
2563,3.93E-05
2565,3.93E-05
2567,3.93E-05
2569,3.93E-05
2570,3.93E-05
2571,3.93E-05
2572,3.93E-05
2573,3.93E-05
2575,3.93E-05
2576,3.93E-05
2577,3.93E-05
2578,3.93E-05
2579,3.93E-05
2580,3.93E-05
2581,3.93E-05
2582,3.93E-05
2583,3.93E-05
2584,3.93E-05
2585,3.93E-05
2586,3.93E-05
2587,3.93E-05
2588,3.93E-05
2589,3.93E-05
2590,3.93E-05
2591,3.93E-05
2593,3.93E-05
2594,3.93E-05
2595,3.93E-05
2597,3.93E-05
2598,3.93E-05
2599,3.93E-05
2600,3.93E-05
2601,3.93E-05
2602,3.93E-05
2603,3.93E-05
2604,3.93E-05
2605,3.93E-05
2607,3.93E-05
2608,3.93E-05
2609,3.93E-05
2610,3.93E-05
2611,3.93E-05
2612,3.93E-05
2613,3.93E-05
2614,3.93E-05
2615,3.93E-05
2617,3.93E-05
2618,3.93E-05
2619,3.93E-05
2620,3.93E-05
2621,3.93E-05
2622,3.93E-05
2623,3.93E-05
2624,3.93E-05
2625,3.93E-05
2626,3.93E-05
2627,3.93E-05
2629,3.93E-05
2630,3.93E-05
2631,3.93E-05
2632,3.93E-05
2633,3.93E-05
2634,3.93E-05
2635,3.93E-05
2636,3.93E-05
2637,3.93E-05
2638,3.93E-05
2639,3.93E-05
2640,3.93E-05
2641,3.93E-05
2643,3.93E-05
2645,3.93E-05
2646,3.93E-05
2647,3.93E-05
2648,3.93E-05
2649,3.93E-05
2650,3.93E-05
2651,3.93E-05
2653,3.93E-05
2655,3.93E-05
2656,3.93E-05
2657,3.93E-05
2659,3.93E-05
2661,3.93E-05
2662,3.93E-05
2663,3.93E-05
2664,3.93E-05
2665,3.93E-05
2666,3.93E-05
2667,3.93E-05
2669,3.93E-05
2670,3.93E-05
2671,3.93E-05
2672,3.93E-05
2673,3.93E-05
2674,3.93E-05
2675,3.93E-05
2676,3.93E-05
2677,3.93E-05
2678,3.93E-05
2679,3.93E-05
2681,3.93E-05
2683,3.93E-05
2684,3.93E-05
2685,3.93E-05
2686,3.93E-05
2687,3.93E-05
2688,3.93E-05
2689,3.93E-05
2691,3.93E-05
2692,3.93E-05
2693,3.93E-05
2694,3.93E-05
2695,3.93E-05
2697,3.93E-05
2699,3.93E-05
2700,3.93E-05
2701,3.93E-05
2702,3.93E-05
2703,3.93E-05
2704,3.93E-05
2705,3.93E-05
2706,3.93E-05
2707,3.93E-05
2709,3.93E-05
2711,3.93E-05
2712,3.93E-05
2713,3.93E-05
2714,3.93E-05
2715,3.93E-05
2717,3.93E-05
2719,3.93E-05
2721,3.93E-05
2722,3.93E-05
2723,3.93E-05
2725,3.93E-05
2727,3.93E-05
2728,3.93E-05
2729,3.93E-05
2730,3.93E-05
2731,3.93E-05
2733,3.93E-05
2735,3.93E-05
2736,3.93E-05
2737,3.93E-05
2739,3.93E-05
2740,3.93E-05
2741,3.93E-05
2742,3.93E-05
2743,3.93E-05
2744,3.93E-05
2745,3.93E-05
2746,3.93E-05
2747,3.93E-05
2748,3.93E-05
2749,3.93E-05
2750,3.93E-05
2751,3.93E-05
2752,3.93E-05
2753,3.93E-05
2755,3.93E-05
2756,3.93E-05
2757,3.93E-05
2758,3.93E-05
2759,3.93E-05
2760,3.93E-05
2761,3.93E-05
2762,3.93E-05
2763,3.93E-05
2764,3.93E-05
2765,3.93E-05
2766,3.93E-05
2767,3.93E-05
2769,3.93E-05
2770,3.93E-05
2771,3.93E-05
2772,3.93E-05
2773,3.93E-05
2775,3.93E-05
2777,3.93E-05
2778,3.93E-05
2779,3.93E-05
2780,3.93E-05
2781,3.93E-05
2782,3.93E-05
2783,3.93E-05
2784,3.93E-05
2785,3.93E-05
2787,3.93E-05
2788,3.93E-05
2789,3.93E-05
2791,3.93E-05
2792,3.93E-05
2793,3.93E-05
2794,3.93E-05
2795,3.93E-05
2796,3.93E-05
2797,3.93E-05
2799,3.93E-05
2800,3.93E-05
2801,3.93E-05
2802,3.93E-05
2803,3.93E-05
2804,3.93E-05
2805,3.93E-05
2806,3.93E-05
2807,3.93E-05
2808,3.93E-05
2809,3.93E-05
2810,3.93E-05
2811,3.93E-05
2812,3.93E-05
2813,3.93E-05
2815,3.93E-05
2816,3.93E-05
2817,3.93E-05
2818,3.93E-05
2819,3.93E-05
2820,3.93E-05
2821,3.93E-05
2822,3.93E-05
2823,3.93E-05
2824,3.93E-05
2825,3.93E-05
2826,3.93E-05
2827,3.93E-05
2829,3.93E-05
2831,3.93E-05
2833,3.93E-05
2834,3.93E-05
2835,3.93E-05
2837,3.93E-05
2839,3.93E-05
2840,3.93E-05
2841,3.93E-05
2843,3.93E-05
2844,3.93E-05
2845,3.93E-05
2846,3.93E-05
2847,3.93E-05
2848,3.93E-05
2849,3.93E-05
2851,3.93E-05
2852,3.93E-05
2853,3.93E-05
2854,3.93E-05
2855,3.93E-05
2856,3.93E-05
2857,3.93E-05
2858,3.93E-05
2859,3.93E-05
2861,3.93E-05
2863,3.93E-05
2864,3.93E-05
2865,3.93E-05
2867,3.93E-05
2868,3.93E-05
2869,3.93E-05
2870,3.93E-05
2871,3.93E-05
2872,3.93E-05
2873,3.93E-05
2874,3.93E-05
2875,3.93E-05
2876,3.93E-05
2877,3.93E-05
2878,3.93E-05
2879,3.93E-05
2880,3.93E-05
2881,3.93E-05
2882,3.93E-05
2883,3.93E-05
2885,3.93E-05
2887,3.93E-05
2889,3.93E-05
2890,3.93E-05
2891,3.93E-05
2893,3.93E-05
2895,3.93E-05
2896,3.93E-05
2897,3.93E-05
2898,3.93E-05
2899,3.93E-05
2900,3.93E-05
2901,3.93E-05
2902,3.93E-05
2903,3.93E-05
2905,3.93E-05
2907,3.93E-05
2908,3.93E-05
2909,3.93E-05
2911,3.93E-05
2912,3.93E-05
2913,3.93E-05
2915,3.93E-05
2916,3.93E-05
2917,3.93E-05
2918,3.93E-05
2919,3.93E-05
2920,3.93E-05
2921,3.93E-05
2922,3.93E-05
2923,3.93E-05
2925,3.93E-05
2926,3.93E-05
2927,3.93E-05
2928,3.93E-05
2929,3.93E-05
2930,3.93E-05
2931,3.93E-05
2932,3.93E-05
2933,3.93E-05
2934,3.93E-05
2935,3.93E-05
2937,3.93E-05
2939,3.93E-05
2940,3.93E-05
2941,3.93E-05
2942,3.93E-05
2943,3.93E-05
2945,3.93E-05
2947,3.93E-05
2948,3.93E-05
2949,3.93E-05
2951,3.93E-05
2953,3.93E-05
2954,3.93E-05
2955,3.93E-05
2956,3.93E-05
2957,3.93E-05
2958,3.93E-05
2959,3.93E-05
2961,3.93E-05
2962,3.93E-05
2963,3.93E-05
2964,3.93E-05
2965,3.93E-05
2966,3.93E-05
2967,3.93E-05
2969,3.93E-05
2970,3.93E-05
2971,3.93E-05
2972,3.93E-05
2973,3.93E-05
2974,3.93E-05
2975,3.93E-05
2977,3.93E-05
2978,3.93E-05
2979,3.93E-05
2980,3.93E-05
2981,3.93E-05
2982,3.93E-05
2983,3.93E-05
2984,3.93E-05
2985,3.93E-05
2986,3.93E-05
2987,3.93E-05
2989,3.93E-05
2990,3.93E-05
2991,3.93E-05
2993,3.93E-05
2995,3.93E-05
2996,3.93E-05
2997,3.93E-05
2999,3.93E-05
3000,3.93E-05
3001,3.93E-05
3002,3.93E-05
3003,3.93E-05
3004,3.93E-05
3005,3.93E-05
3007,3.93E-05
3009,3.93E-05
3010,3.93E-05
3011,3.93E-05
3012,3.93E-05
3013,3.93E-05
3014,3.93E-05
3015,3.93E-05
3016,3.93E-05
3017,3.93E-05
3018,3.93E-05
3019,3.93E-05
3021,3.93E-05
3022,3.93E-05
3023,3.93E-05
3024,3.93E-05
3025,3.93E-05
3026,3.93E-05
3027,3.93E-05
3028,3.93E-05
3029,3.93E-05
3031,3.93E-05
3033,3.93E-05
3035,3.93E-05
3037,3.93E-05
3039,3.93E-05
3041,3.93E-05
3042,3.93E-05
3043,3.93E-05
3044,3.93E-05
3045,3.93E-05
3046,3.93E-05
3047,3.93E-05
3049,3.93E-05
3050,3.93E-05
3051,3.93E-05
3052,3.93E-05
3053,3.93E-05
3055,3.93E-05
3057,3.93E-05
3059,3.93E-05
3061,3.93E-05
3062,3.93E-05
3063,3.93E-05
3065,3.93E-05
3066,3.93E-05
3067,3.93E-05
3068,3.93E-05
3069,3.93E-05
3070,3.93E-05
3071,3.93E-05
3072,3.93E-05
3073,3.93E-05
3074,3.93E-05
3075,3.93E-05
3077,3.93E-05
3078,3.93E-05
3079,3.93E-05
3081,3.93E-05
3083,3.93E-05
3085,3.93E-05
3086,3.93E-05
3087,3.93E-05
3088,3.93E-05
3089,3.93E-05
3090,3.93E-05
3091,3.93E-05
3092,3.93E-05
3093,3.93E-05
3095,3.93E-05
3096,3.93E-05
3097,3.93E-05
3098,3.93E-05
3099,3.93E-05
3100,3.93E-05
3101,3.93E-05
3103,3.93E-05
3104,3.93E-05
3105,3.93E-05
3107,3.93E-05
3108,3.93E-05
3109,3.93E-05
3110,3.93E-05
3111,3.93E-05
3113,3.93E-05
3115,3.93E-05
3117,3.93E-05
3118,3.93E-05
3119,3.93E-05
3121,3.93E-05
3122,3.93E-05
3123,3.93E-05
3124,3.93E-05
3125,3.93E-05
3127,3.93E-05
3128,3.93E-05
3129,3.93E-05
3130,3.93E-05
3131,3.93E-05
3132,3.93E-05
3133,3.93E-05
3134,3.93E-05
3135,3.93E-05
3136,3.93E-05
3137,3.93E-05
3139,3.93E-05
3140,3.93E-05
3141,3.93E-05
3143,3.93E-05
3144,3.93E-05
3145,3.93E-05
3146,3.93E-05
3147,3.93E-05
3148,3.93E-05
3149,3.93E-05
3150,3.93E-05
3151,3.93E-05
3153,3.93E-05
3154,3.93E-05
3155,3.93E-05
3156,3.93E-05
3157,3.93E-05
3158,3.93E-05
3159,3.93E-05
3160,3.93E-05
3161,3.93E-05
3162,3.93E-05
3163,3.93E-05
3165,3.93E-05
3166,3.93E-05
3167,3.93E-05
3169,3.93E-05
3171,3.93E-05
3172,3.93E-05
3173,3.93E-05
3174,3.93E-05
3175,3.93E-05
3176,3.93E-05
3177,3.93E-05
3179,3.93E-05
3180,3.93E-05
3181,3.93E-05
3182,3.93E-05
3183,3.93E-05
3184,3.93E-05
3185,3.93E-05
3186,3.93E-05
3187,3.93E-05
3188,3.93E-05
3189,3.93E-05
3190,3.93E-05
3191,3.93E-05
3192,3.93E-05
3193,3.93E-05
3194,3.93E-05
3195,3.93E-05
3196,3.93E-05
3197,3.93E-05
3198,3.93E-05
3199,3.93E-05
3201,3.93E-05
3202,3.93E-05
3203,3.93E-05
3205,3.93E-05
3207,3.93E-05
3208,3.93E-05
3209,3.93E-05
3211,3.93E-05
3213,3.93E-05
3214,3.93E-05
3215,3.93E-05
3216,3.93E-05
3217,3.93E-05
3219,3.93E-05
3220,3.93E-05
3221,3.93E-05
3222,3.93E-05
3223,3.93E-05
3225,3.93E-05
3227,3.93E-05
3229,3.93E-05
3230,3.93E-05
3231,3.93E-05
3232,3.93E-05
3233,3.93E-05
3234,3.93E-05
3235,3.93E-05
3236,3.93E-05
3237,3.93E-05
3238,3.93E-05
3239,3.93E-05
3240,3.93E-05
3241,3.93E-05
3242,3.93E-05
3243,3.93E-05
3245,3.93E-05
3247,3.93E-05
3249,3.93E-05
3251,3.93E-05
3252,3.93E-05
3253,3.93E-05
3255,3.93E-05
3256,3.93E-05
3257,3.93E-05
3258,3.93E-05
3259,3.93E-05
3260,3.93E-05
3261,3.93E-05
3263,3.93E-05
3264,3.93E-05
3265,3.93E-05
3266,3.93E-05
3267,3.93E-05
3268,3.93E-05
3269,3.93E-05
3270,3.93E-05
3271,3.93E-05
3272,3.93E-05
3273,3.93E-05
3274,3.93E-05
3275,3.93E-05
3277,3.93E-05
3279,3.93E-05
3280,3.93E-05
3281,3.93E-05
3283,3.93E-05
3285,3.93E-05
3286,3.93E-05
3287,3.93E-05
3288,3.93E-05
3289,3.93E-05
3291,3.93E-05
3293,3.93E-05
3294,3.93E-05
3295,3.93E-05
3297,3.93E-05
3298,3.93E-05
3299,3.93E-05
3301,3.93E-05
3303,3.93E-05
3304,3.93E-05
3305,3.93E-05
3306,3.93E-05
3307,3.93E-05
3308,3.93E-05
3309,3.93E-05
3310,3.93E-05
3311,3.93E-05
3312,3.93E-05
3313,3.93E-05
3314,3.93E-05
3315,3.93E-05
3317,3.93E-05
3318,3.93E-05
3319,3.93E-05
3320,3.93E-05
3321,3.93E-05
3322,3.93E-05
3323,3.93E-05
3325,3.93E-05
3326,3.93E-05
3327,3.93E-05
3329,3.93E-05
3330,3.93E-05
3331,3.93E-05
3332,3.93E-05
3333,3.93E-05
3334,3.93E-05
3335,3.93E-05
3336,3.93E-05
3337,3.93E-05
3338,3.93E-05
3339,3.93E-05
3341,3.93E-05
3342,3.93E-05
3343,3.93E-05
3344,3.93E-05
3345,3.93E-05
3347,3.93E-05
3349,3.93E-05
3350,3.93E-05
3351,3.93E-05
3352,3.93E-05
3353,3.93E-05
3354,3.93E-05
3355,3.93E-05
3356,3.93E-05
3357,3.93E-05
3358,3.93E-05
3359,3.93E-05
3361,3.93E-05
3363,3.93E-05
3364,3.93E-05
3365,3.93E-05
3366,3.93E-05
3367,3.93E-05
3368,3.93E-05
3369,3.93E-05
3371,3.93E-05
3372,3.93E-05
3373,3.93E-05
3374,3.93E-05
3375,3.93E-05
3376,3.93E-05
3377,3.93E-05
3379,3.93E-05
3380,3.93E-05
3381,3.93E-05
3383,3.93E-05
3384,3.93E-05
3385,3.93E-05
3386,3.93E-05
3387,3.93E-05
3389,3.93E-05
3390,3.93E-05
3391,3.93E-05
3393,3.93E-05
3394,3.93E-05
3395,3.93E-05
3396,3.93E-05
3397,3.93E-05
3399,3.93E-05
3400,3.93E-05
3401,3.93E-05
3403,3.93E-05
3405,3.93E-05
3407,3.93E-05
3408,3.93E-05
3409,3.93E-05
3410,3.93E-05
3411,3.93E-05
3413,3.93E-05
3414,3.93E-05
3415,3.93E-05
3416,3.93E-05
3417,3.93E-05
3418,3.93E-05
3419,3.93E-05
3421,3.93E-05
3422,3.93E-05
3423,3.93E-05
3425,3.93E-05
3426,3.93E-05
3427,3.93E-05
3428,3.93E-05
3429,3.93E-05
3430,3.93E-05
3431,3.93E-05
3433,3.93E-05
3435,3.93E-05
3436,3.93E-05
3437,3.93E-05
3438,3.93E-05
3439,3.93E-05
3440,3.93E-05
3441,3.93E-05
3442,3.93E-05
3443,3.93E-05
3444,3.93E-05
3445,3.93E-05
3447,3.93E-05
3448,3.93E-05
3449,3.93E-05
3450,3.93E-05
3451,3.93E-05
3452,3.93E-05
3453,3.93E-05
3455,3.93E-05
3457,3.93E-05
3458,3.93E-05
3459,3.93E-05
3461,3.93E-05
3462,3.93E-05
3463,3.93E-05
3464,3.93E-05
3465,3.93E-05
3467,3.93E-05
3468,3.93E-05
3469,3.93E-05
3471,3.93E-05
3472,3.93E-05
3473,3.93E-05
3474,3.93E-05
3475,3.93E-05
3476,3.93E-05
3477,3.93E-05
3479,3.93E-05
3480,3.93E-05
3481,3.93E-05
3482,3.93E-05
3483,3.93E-05
3484,3.93E-05
3485,3.93E-05
3487,3.93E-05
3488,3.93E-05
3489,3.93E-05
3490,3.93E-05
3491,3.93E-05
3493,3.93E-05
3494,3.93E-05
3495,3.93E-05
3496,3.93E-05
3497,3.93E-05
3499,3.93E-05
3500,3.93E-05
3501,3.93E-05
3503,3.93E-05
3505,3.93E-05
3506,3.93E-05
3507,3.93E-05
3509,3.93E-05
3511,3.93E-05
3513,3.93E-05
3514,3.93E-05
3515,3.93E-05
3517,3.93E-05
3519,3.93E-05
3520,3.93E-05
3521,3.93E-05
3522,3.93E-05
3523,3.93E-05
3524,3.93E-05
3525,3.93E-05
3526,3.93E-05
3527,3.93E-05
3528,3.93E-05
3529,3.93E-05
3531,3.93E-05
3533,3.93E-05
3534,3.93E-05
3535,3.93E-05
3536,3.93E-05
3537,3.93E-05
3538,3.93E-05
3539,3.93E-05
3541,3.93E-05
3542,3.93E-05
3543,3.93E-05
3545,3.93E-05
3546,3.93E-05
3547,3.93E-05
3548,3.93E-05
3549,3.93E-05
3550,3.93E-05
3551,3.93E-05
3552,3.93E-05
3553,3.93E-05
3554,3.93E-05
3555,3.93E-05
3556,3.93E-05
3557,3.93E-05
3559,3.93E-05
3561,3.93E-05
3562,3.93E-05
3563,3.93E-05
3564,3.93E-05
3565,3.93E-05
3566,3.93E-05
3567,3.93E-05
3569,3.93E-05
3571,3.93E-05
3572,3.93E-05
3573,3.93E-05
3575,3.93E-05
3577,3.93E-05
3578,3.93E-05
3579,3.93E-05
3580,3.93E-05
3581,3.93E-05
3583,3.93E-05
3584,3.93E-05
3585,3.93E-05
3587,3.93E-05
3589,3.93E-05
3591,3.93E-05
3592,3.93E-05
3593,3.93E-05
3594,3.93E-05
3595,3.93E-05
3596,3.93E-05
3597,3.93E-05
3598,3.93E-05
3599,3.93E-05
3600,3.93E-05
3601,3.93E-05
3602,3.93E-05
3603,3.93E-05
3605,3.93E-05
3606,3.93E-05
3607,3.93E-05
3608,3.93E-05
3609,3.93E-05
3610,3.93E-05
3611,3.93E-05
3612,3.93E-05
3613,3.93E-05
3614,3.93E-05
3615,3.93E-05
3616,3.93E-05
3617,3.93E-05
3618,3.93E-05
3619,3.93E-05
3620,3.93E-05
3621,3.93E-05
3622,3.93E-05
3623,3.93E-05
3624,3.93E-05
3625,3.93E-05
3627,3.93E-05
3628,3.93E-05
3629,3.93E-05
3631,3.93E-05
3632,3.93E-05
3633,3.93E-05
3634,3.93E-05
3635,3.93E-05
3637,3.93E-05
3638,3.93E-05
3639,3.93E-05
3641,3.93E-05
3643,3.93E-05
3644,3.93E-05
3645,3.93E-05
3646,3.93E-05
3647,3.93E-05
3649,3.93E-05
3650,3.93E-05
3651,3.93E-05
3652,3.93E-05
3653,3.93E-05
3654,3.93E-05
3655,3.93E-05
3657,3.93E-05
3658,3.93E-05
3659,3.93E-05
3660,3.93E-05
3661,3.93E-05
3662,3.93E-05
3663,3.93E-05
3665,3.93E-05
3666,3.93E-05
3667,3.93E-05
3669,3.93E-05
3670,3.93E-05
3671,3.93E-05
3672,3.93E-05
3673,3.93E-05
3675,3.93E-05
3676,3.93E-05
3677,3.93E-05
3679,3.93E-05
3680,3.93E-05
3681,3.93E-05
3682,3.93E-05
3683,3.93E-05
3684,3.93E-05
3685,3.93E-05
3686,3.93E-05
3687,3.93E-05
3689,3.93E-05
3690,3.93E-05
3691,3.93E-05
3693,3.93E-05
3694,3.93E-05
3695,3.93E-05
3696,3.93E-05
3697,3.93E-05
3698,3.93E-05
3699,3.93E-05
3701,3.93E-05
3702,3.93E-05
3703,3.93E-05
3704,3.93E-05
3705,3.93E-05
3706,3.93E-05
3707,3.93E-05
3708,3.93E-05
3709,3.93E-05
3710,3.93E-05
3711,3.93E-05
3713,3.93E-05
3715,3.93E-05
3717,3.93E-05
3718,3.93E-05
3719,3.93E-05
3721,3.93E-05
3722,3.93E-05
3723,3.93E-05
3724,3.93E-05
3725,3.93E-05
3726,3.93E-05
3727,3.93E-05
3728,3.93E-05
3729,3.93E-05
3731,3.93E-05
3732,3.93E-05
3733,3.93E-05
3735,3.93E-05
3737,3.93E-05
3738,3.93E-05
3739,3.93E-05
3741,3.93E-05
3743,3.93E-05
3745,3.93E-05
3747,3.93E-05
3748,3.93E-05
3749,3.93E-05
3750,3.93E-05
3751,3.93E-05
3752,3.93E-05
3753,3.93E-05
3754,3.93E-05
3755,3.93E-05
3757,3.93E-05
3759,3.93E-05
3760,3.93E-05
3761,3.93E-05
3763,3.93E-05
3765,3.93E-05
3766,3.93E-05
3767,3.93E-05
3768,3.93E-05
3769,3.93E-05
3770,3.93E-05
3771,3.93E-05
3772,3.93E-05
3773,3.93E-05
3775,3.93E-05
3776,3.93E-05
3777,3.93E-05
3778,3.93E-05
3779,3.93E-05
3780,3.93E-05
3781,3.93E-05
3782,3.93E-05
3783,3.93E-05
3784,3.93E-05
3785,3.93E-05
3787,3.93E-05
3788,3.93E-05
3789,3.93E-05
3790,3.93E-05
3791,3.93E-05
3792,3.93E-05
3793,3.93E-05
3795,3.93E-05
3796,3.93E-05
3797,3.93E-05
3798,3.93E-05
3799,3.93E-05
3801,3.93E-05
3803,3.93E-05
3804,3.93E-05
3805,3.93E-05
3806,3.93E-05
3807,3.93E-05
3808,3.93E-05
3809,3.93E-05
3810,3.93E-05
3811,3.93E-05
3812,3.93E-05
3813,3.93E-05
3814,3.93E-05
3815,3.93E-05
3816,3.93E-05
3817,3.93E-05
3819,3.93E-05
3820,3.93E-05
3821,3.93E-05
3822,3.93E-05
3823,3.93E-05
3824,3.93E-05
3825,3.93E-05
3827,3.93E-05
3828,3.93E-05
3829,3.93E-05
3830,3.93E-05
3831,3.93E-05
3832,3.93E-05
3833,3.93E-05
3835,3.93E-05
3836,3.93E-05
3837,3.93E-05
3839,3.93E-05
3840,3.93E-05
3841,3.93E-05
3843,3.93E-05
3845,3.93E-05
3846,3.93E-05
3847,3.93E-05
3849,3.93E-05
3851,3.93E-05
3852,3.93E-05
3853,3.93E-05
3854,3.93E-05
3855,3.93E-05
3857,3.93E-05
3858,3.93E-05
3859,3.93E-05
3860,3.93E-05
3861,3.93E-05
3862,3.93E-05
3863,3.93E-05
3864,3.93E-05
3865,3.93E-05
3866,3.93E-05
3867,3.93E-05
3868,3.93E-05
3869,3.93E-05
3871,3.93E-05
3872,3.93E-05
3873,3.93E-05
3874,3.93E-05
3875,3.93E-05
3876,3.93E-05
3877,3.93E-05
3878,3.93E-05
3879,3.93E-05
3880,3.93E-05
3881,3.93E-05
3883,3.93E-05
3884,3.93E-05
3885,3.93E-05
3887,3.93E-05
3889,3.93E-05
3891,3.93E-05
3892,3.93E-05
3893,3.93E-05
3894,3.93E-05
3895,3.93E-05
3896,3.93E-05
3897,3.93E-05
3898,3.93E-05
3899,3.93E-05
3901,3.93E-05
3902,3.93E-05
3903,3.93E-05
3905,3.93E-05
3907,3.93E-05
3909,3.93E-05
3910,3.93E-05
3911,3.93E-05
3912,3.93E-05
3913,3.93E-05
3915,3.93E-05
3917,3.93E-05
3918,3.93E-05
3919,3.93E-05
3920,3.93E-05
3921,3.93E-05
3922,3.93E-05
3923,3.93E-05
3924,3.93E-05
3925,3.93E-05
3927,3.93E-05
3929,3.93E-05
3931,3.93E-05
3933,3.93E-05
3934,3.93E-05
3935,3.93E-05
3936,3.93E-05
3937,3.93E-05
3938,3.93E-05
3939,3.93E-05
3940,3.93E-05
3941,3.93E-05
3942,3.93E-05
3943,3.93E-05
3945,3.93E-05
3946,3.93E-05
3947,3.93E-05
3948,3.93E-05
3949,3.93E-05
3950,3.93E-05
3951,3.93E-05
3953,3.93E-05
3954,3.93E-05
3955,3.93E-05
3957,3.93E-05
3959,3.93E-05
3960,3.93E-05
3961,3.93E-05
3962,3.93E-05
3963,3.93E-05
3965,3.93E-05
3967,3.93E-05
3968,3.93E-05
3969,3.93E-05
3970,3.93E-05
3971,3.93E-05
3972,3.93E-05
3973,3.93E-05
3974,3.93E-05
3975,3.93E-05
3977,3.93E-05
3978,3.93E-05
3979,3.93E-05
3981,3.93E-05
3982,3.93E-05
3983,3.93E-05
3984,3.93E-05
3985,3.93E-05
3986,3.93E-05
3987,3.93E-05
3988,3.93E-05
3989,3.93E-05
3990,3.93E-05
3991,3.93E-05
3992,3.93E-05
3993,3.93E-05
3994,3.93E-05
3995,3.93E-05
3996,3.93E-05
3997,3.93E-05
3998,3.93E-05
3999,3.93E-05
4000,3.93E-05
4001,3.93E-05
4003,3.93E-05
4005,3.93E-05
4006,3.93E-05
4007,3.93E-05
4009,3.93E-05
4010,3.93E-05
4011,3.93E-05
4012,3.93E-05
4013,3.93E-05
4014,3.93E-05
4015,3.93E-05
4016,3.93E-05
4017,3.93E-05
4019,3.93E-05
4021,3.93E-05
4022,3.93E-05
4023,3.93E-05
4024,3.93E-05
4025,3.93E-05
4026,3.93E-05
4027,3.93E-05
4028,3.93E-05
4029,3.93E-05
4030,3.93E-05
4031,3.93E-05
4032,3.93E-05
4033,3.93E-05
4034,3.93E-05
4035,3.93E-05
4036,3.93E-05
4037,3.93E-05
4038,3.93E-05
4039,3.93E-05
4040,3.93E-05
4041,3.93E-05
4042,3.93E-05
4043,3.93E-05
4044,3.93E-05
4045,3.93E-05
4046,3.93E-05
4047,3.93E-05
4048,3.93E-05
4049,3.93E-05
4051,3.93E-05
4052,3.93E-05
4053,3.93E-05
4055,3.93E-05
4056,3.93E-05
4057,3.93E-05
4058,3.93E-05
4059,3.93E-05
4061,3.93E-05
4063,3.93E-05
4064,3.93E-05
4065,3.93E-05
4066,3.93E-05
4067,3.93E-05
4069,3.93E-05
4071,3.93E-05
4072,3.93E-05
4073,3.93E-05
4075,3.93E-05
4077,3.93E-05
4078,3.93E-05
4079,3.93E-05
4081,3.93E-05
4082,3.93E-05
4083,3.93E-05
4084,3.93E-05
4085,3.93E-05
4086,3.93E-05
4087,3.93E-05
4088,3.93E-05
4089,3.93E-05
4090,3.93E-05
4091,3.93E-05
4092,3.93E-05
4093,3.93E-05
4094,3.93E-05
4095,3.93E-05
4097,3.93E-05
4099,3.93E-05
4100,3.93E-05
4101,3.93E-05
4102,3.93E-05
4103,3.93E-05
4105,3.93E-05
4106,3.93E-05
4107,3.93E-05
4108,3.93E-05
4109,3.93E-05
4110,3.93E-05
4111,3.93E-05
4113,3.93E-05
4115,3.93E-05
4116,3.93E-05
4117,3.93E-05
4118,3.93E-05
4119,3.93E-05
4120,3.93E-05
4121,3.93E-05
4122,3.93E-05
4123,3.93E-05
4124,3.93E-05
4125,3.93E-05
4127,3.93E-05
4129,3.93E-05
4130,3.93E-05
4131,3.93E-05
4133,3.93E-05
4135,3.93E-05
4137,3.93E-05
4138,3.93E-05
4139,3.93E-05
4141,3.93E-05
4143,3.93E-05
4144,3.93E-05
4145,3.93E-05
4147,3.93E-05
4148,3.93E-05
4149,3.93E-05
4151,3.93E-05
4153,3.93E-05
4154,3.93E-05
4155,3.93E-05
4156,3.93E-05
4157,3.93E-05
4159,3.93E-05
4160,3.93E-05
4161,3.93E-05
4163,3.93E-05
4164,3.93E-05
4165,3.93E-05
4166,3.93E-05
4167,3.93E-05
4168,3.93E-05
4169,3.93E-05
4170,3.93E-05
4171,3.93E-05
4172,3.93E-05
4173,3.93E-05
4175,3.93E-05
4176,3.93E-05
4177,3.93E-05
4179,3.93E-05
4180,3.93E-05
4181,3.93E-05
4182,3.93E-05
4183,3.93E-05
4184,3.93E-05
4185,3.93E-05
4186,3.93E-05
4187,3.93E-05
4188,3.93E-05
4189,3.93E-05
4191,3.93E-05
4192,3.93E-05
4193,3.93E-05
4194,3.93E-05
4195,3.93E-05
4196,3.93E-05
4197,3.93E-05
4199,3.93E-05
4200,3.93E-05
4201,3.93E-05
4202,3.93E-05
4203,3.93E-05
4204,3.93E-05
4205,3.93E-05
4206,3.93E-05
4207,3.93E-05
4208,3.93E-05
4209,3.93E-05
4210,3.93E-05
4211,3.93E-05
4213,3.93E-05
4214,3.93E-05
4215,3.93E-05
4216,3.93E-05
4217,3.93E-05
4218,3.93E-05
4219,3.93E-05
4220,3.93E-05
4221,3.93E-05
4222,3.93E-05
4223,3.93E-05
4225,3.93E-05
4227,3.93E-05
4229,3.93E-05
4230,3.93E-05
4231,3.93E-05
4232,3.93E-05
4233,3.93E-05
4234,3.93E-05
4235,3.93E-05
4236,3.93E-05
4237,3.93E-05
4239,3.93E-05
4241,3.93E-05
4243,3.93E-05
4244,3.93E-05
4245,3.93E-05
4247,3.93E-05
4248,3.93E-05
4249,3.93E-05
4251,3.93E-05
4253,3.93E-05
4254,3.93E-05
4255,3.93E-05
4257,3.93E-05
4258,3.93E-05
4259,3.93E-05
4260,3.93E-05
4261,3.93E-05
4263,3.93E-05
4265,3.93E-05
4267,3.93E-05
4269,3.93E-05
4271,3.93E-05
4272,3.93E-05
4273,3.93E-05
4274,3.93E-05
4275,3.93E-05
4276,3.93E-05
4277,3.93E-05
4278,3.93E-05
4279,3.93E-05
4280,3.93E-05
4281,3.93E-05
4283,3.93E-05
4285,3.93E-05
4286,3.93E-05
4287,3.93E-05
4288,3.93E-05
4289,3.93E-05
4290,3.93E-05
4291,3.93E-05
4293,3.93E-05
4294,3.93E-05
4295,3.93E-05
4297,3.93E-05
4298,3.93E-05
4299,3.93E-05
4300,3.93E-05
4301,3.93E-05
4302,3.93E-05
4303,3.93E-05
4305,3.93E-05
4306,3.93E-05
4307,3.93E-05
4308,3.93E-05
4309,3.93E-05
4311,3.93E-05
4312,3.93E-05
4313,3.93E-05
4314,3.93E-05
4315,3.93E-05
4317,3.93E-05
4318,3.93E-05
4319,3.93E-05
4320,3.93E-05
4321,3.93E-05
4322,3.93E-05
4323,3.93E-05
4324,3.93E-05
4325,3.93E-05
4326,3.93E-05
4327,3.93E-05
4328,3.93E-05
4329,3.93E-05
4330,3.93E-05
4331,3.93E-05
4332,3.93E-05
4333,3.93E-05
4334,3.93E-05
4335,3.93E-05
4337,3.93E-05
4338,3.93E-05
4339,3.93E-05
4340,3.93E-05
4341,3.93E-05
4342,3.93E-05
4343,3.93E-05
4345,3.93E-05
4346,3.93E-05
4347,3.93E-05
4349,3.93E-05
4350,3.93E-05
4351,3.93E-05
4352,3.93E-05
4353,3.93E-05
4355,3.93E-05
4356,3.93E-05
4357,3.93E-05
4359,3.93E-05
4361,3.93E-05
4363,3.93E-05
4364,3.93E-05
4365,3.93E-05
4366,3.93E-05
4367,3.93E-05
4368,3.93E-05
4369,3.93E-05
4370,3.93E-05
4371,3.93E-05
4372,3.93E-05
4373,3.93E-05
4374,3.93E-05
4375,3.93E-05
4376,3.93E-05
4377,3.93E-05
4378,3.93E-05
4379,3.93E-05
4381,3.93E-05
4383,3.93E-05
4384,3.93E-05
4385,3.93E-05
4386,3.93E-05
4387,3.93E-05
4388,3.93E-05
4389,3.93E-05
4391,3.93E-05
4392,3.93E-05
4393,3.93E-05
4395,3.93E-05
4396,3.93E-05
4397,3.93E-05
4399,3.93E-05
4401,3.93E-05
4402,3.93E-05
4403,3.93E-05
4404,3.93E-05
4405,3.93E-05
4406,3.93E-05
4407,3.93E-05
4408,3.93E-05
4409,3.93E-05
4411,3.93E-05
4412,3.93E-05
4413,3.93E-05
4415,3.93E-05
4417,3.93E-05
4419,3.93E-05
4421,3.93E-05
4422,3.93E-05
4423,3.93E-05
4425,3.93E-05
4426,3.93E-05
4427,3.93E-05
4428,3.93E-05
4429,3.93E-05
4430,3.93E-05
4431,3.93E-05
4433,3.93E-05
4434,3.93E-05
4435,3.93E-05
4437,3.93E-05
4439,3.93E-05
4441,3.93E-05
4442,3.93E-05
4443,3.93E-05
4445,3.93E-05
4446,3.93E-05
4447,3.93E-05
4448,3.93E-05
4449,3.93E-05
4450,3.93E-05
4451,3.93E-05
4452,3.93E-05
4453,3.93E-05
4455,3.93E-05
4456,3.93E-05
4457,3.93E-05
4458,3.93E-05
4459,3.93E-05
4460,3.93E-05
4461,3.93E-05
4462,3.93E-05
4463,3.93E-05
4464,3.93E-05
4465,3.93E-05
4466,3.93E-05
4467,3.93E-05
4468,3.93E-05
4469,3.93E-05
4470,3.93E-05
4471,3.93E-05
4472,3.93E-05
4473,3.93E-05
4474,3.93E-05
4475,3.93E-05
4477,3.93E-05
4478,3.93E-05
4479,3.93E-05
4481,3.93E-05
4482,3.93E-05
4483,3.93E-05
4484,3.93E-05
4485,3.93E-05
4486,3.93E-05
4487,3.93E-05
4488,3.93E-05
4489,3.93E-05
4491,3.93E-05
4492,3.93E-05
4493,3.93E-05
4494,3.93E-05
4495,3.93E-05
4496,3.93E-05
4497,3.93E-05
4499,3.93E-05
4500,3.93E-05
4501,3.93E-05
4502,3.93E-05
4503,3.93E-05
4504,3.93E-05
4505,3.93E-05
4507,3.93E-05
4508,3.93E-05
4509,3.93E-05
4510,3.93E-05
4511,3.93E-05
4512,3.93E-05
4513,3.93E-05
4515,3.93E-05
4516,3.93E-05
4517,3.93E-05
4518,3.93E-05
4519,3.93E-05
4520,3.93E-05
4521,3.93E-05
4522,3.93E-05
4523,3.93E-05
4525,3.93E-05
4526,3.93E-05
4527,3.93E-05
4529,3.93E-05
4531,3.93E-05
4533,3.93E-05
4534,3.93E-05
4535,3.93E-05
4537,3.93E-05
4539,3.93E-05
4540,3.93E-05
4541,3.93E-05
4543,3.93E-05
4544,3.93E-05
4545,3.93E-05
4546,3.93E-05
4547,3.93E-05
4548,3.93E-05
4549,3.93E-05
4550,3.93E-05
4551,3.93E-05
4552,3.93E-05
4553,3.93E-05
4554,3.93E-05
4555,3.93E-05
4556,3.93E-05
4557,3.93E-05
4558,3.93E-05
4559,3.93E-05
4560,3.93E-05
4561,3.93E-05
4562,3.93E-05
4563,3.93E-05
4565,3.93E-05
4567,3.93E-05
4569,3.93E-05
4570,3.93E-05
4571,3.93E-05
4572,3.93E-05
4573,3.93E-05
4574,3.93E-05
4575,3.93E-05
4576,3.93E-05
4577,3.93E-05
4579,3.93E-05
4581,3.93E-05
4582,3.93E-05
4583,3.93E-05
4584,3.93E-05
4585,3.93E-05
4586,3.93E-05
4587,3.93E-05
4589,3.93E-05
4591,3.93E-05
4593,3.93E-05
4595,3.93E-05
4597,3.93E-05
4598,3.93E-05
4599,3.93E-05
4600,3.93E-05
4601,3.93E-05
4602,3.93E-05
4603,3.93E-05
4605,3.93E-05
4606,3.93E-05
4607,3.93E-05
4608,3.93E-05
4609,3.93E-05
4611,3.93E-05
4612,3.93E-05
4613,3.93E-05
4615,3.93E-05
4616,3.93E-05
4617,3.93E-05
4618,3.93E-05
4619,3.93E-05
4620,3.93E-05
4621,3.93E-05
4622,3.93E-05
4623,3.93E-05
4625,3.93E-05
4626,3.93E-05
4627,3.93E-05
4628,3.93E-05
4629,3.93E-05
4630,3.93E-05
4631,3.93E-05
4632,3.93E-05
4633,3.93E-05
4634,3.93E-05
4635,3.93E-05
4637,3.93E-05
4638,3.93E-05
4639,3.93E-05
4640,3.93E-05
4641,3.93E-05
4642,3.93E-05
4643,3.93E-05
4645,3.93E-05
4647,3.93E-05
4648,3.93E-05
4649,3.93E-05
4650,3.93E-05
4651,3.93E-05
4653,3.93E-05
4654,3.93E-05
4655,3.93E-05
4657,3.93E-05
4658,3.93E-05
4659,3.93E-05
4661,3.93E-05
4662,3.93E-05
4663,3.93E-05
4664,3.93E-05
4665,3.93E-05
4666,3.93E-05
4667,3.93E-05
4669,3.93E-05
4670,3.93E-05
4671,3.93E-05
4672,3.93E-05
4673,3.93E-05
4674,3.93E-05
4675,3.93E-05
4677,3.93E-05
4678,3.93E-05
4679,3.93E-05
4680,3.93E-05
4681,3.93E-05
4682,3.93E-05
4683,3.93E-05
4684,3.93E-05
4685,3.93E-05
4686,3.93E-05
4687,3.93E-05
4689,3.93E-05
4690,3.93E-05
4691,3.93E-05
4693,3.93E-05
4694,3.93E-05
4695,3.93E-05
4696,3.93E-05
4697,3.93E-05
4699,3.93E-05
4701,3.93E-05
4702,3.93E-05
4703,3.93E-05
4704,3.93E-05
4705,3.93E-05
4707,3.93E-05
4709,3.93E-05
4710,3.93E-05
4711,3.93E-05
4712,3.93E-05
4713,3.93E-05
4714,3.93E-05
4715,3.93E-05
4716,3.93E-05
4717,3.93E-05
4718,3.93E-05
4719,3.93E-05
4721,3.93E-05
4722,3.93E-05
4723,3.93E-05
4724,3.93E-05
4725,3.93E-05
4726,3.93E-05
4727,3.93E-05
4728,3.93E-05
4729,3.93E-05
4731,3.93E-05
4733,3.93E-05
4735,3.93E-05
4737,3.93E-05
4738,3.93E-05
4739,3.93E-05
4740,3.93E-05
4741,3.93E-05
4742,3.93E-05
4743,3.93E-05
4744,3.93E-05
4745,3.93E-05
4746,3.93E-05
4747,3.93E-05
4749,3.93E-05
4751,3.93E-05
4753,3.93E-05
4754,3.93E-05
4755,3.93E-05
4757,3.93E-05
4759,3.93E-05
4760,3.93E-05
4761,3.93E-05
4762,3.93E-05
4763,3.93E-05
4765,3.93E-05
4767,3.93E-05
4768,3.93E-05
4769,3.93E-05
4770,3.93E-05
4771,3.93E-05
4772,3.93E-05
4773,3.93E-05
4775,3.93E-05
4777,3.93E-05
4779,3.93E-05
4781,3.93E-05
4782,3.93E-05
4783,3.93E-05
4785,3.93E-05
4786,3.93E-05
4787,3.93E-05
4788,3.93E-05
4789,3.93E-05
4790,3.93E-05
4791,3.93E-05
4792,3.93E-05
4793,3.93E-05
4794,3.93E-05
4795,3.93E-05
4796,3.93E-05
4797,3.93E-05
4798,3.93E-05
4799,3.93E-05
4800,3.93E-05
4801,3.93E-05
4802,3.93E-05
4803,3.93E-05
4804,3.93E-05
4805,3.93E-05
4807,3.93E-05
4809,3.93E-05
4810,3.93E-05
4811,3.93E-05
4813,3.93E-05
4815,3.93E-05
4816,3.93E-05
4817,3.93E-05
4818,3.93E-05
4819,3.93E-05
4820,3.93E-05
4821,3.93E-05
4822,3.93E-05
4823,3.93E-05
4824,3.93E-05
4825,3.93E-05
4826,3.93E-05
4827,3.93E-05
4828,3.93E-05
4829,3.93E-05
4831,3.93E-05
4832,3.93E-05
4833,3.93E-05
4834,3.93E-05
4835,3.93E-05
4836,3.93E-05
4837,3.93E-05
4838,3.93E-05
4839,3.93E-05
4840,3.93E-05
4841,3.93E-05
4843,3.93E-05
4844,3.93E-05
4845,3.93E-05
4846,3.93E-05
4847,3.93E-05
4848,3.93E-05
4849,3.93E-05
4850,3.93E-05
4851,3.93E-05
4853,3.93E-05
4855,3.93E-05
4856,3.93E-05
4857,3.93E-05
4859,3.93E-05
4860,3.93E-05
4861,3.93E-05
4862,3.93E-05
4863,3.93E-05
4864,3.93E-05
4865,3.93E-05
4866,3.93E-05
4867,3.93E-05
4869,3.93E-05
4870,3.93E-05
4871,3.93E-05
4872,3.93E-05
4873,3.93E-05
4874,3.93E-05
4875,3.93E-05
4876,3.93E-05
4877,3.93E-05
4879,3.93E-05
4880,3.93E-05
4881,3.93E-05
4882,3.93E-05
4883,3.93E-05
4884,3.93E-05
4885,3.93E-05
4886,3.93E-05
4887,3.93E-05
4888,3.93E-05
4889,3.93E-05
4891,3.93E-05
4892,3.93E-05
4893,3.93E-05
4894,3.93E-05
4895,3.93E-05
4896,3.93E-05
4897,3.93E-05
4898,3.93E-05
4899,3.93E-05
4901,3.93E-05
4902,3.93E-05
4903,3.93E-05
4905,3.93E-05
4907,3.93E-05
4909,3.93E-05
4910,3.93E-05
4911,3.93E-05
4913,3.93E-05
4914,3.93E-05
4915,3.93E-05
4916,3.93E-05
4917,3.93E-05
4919,3.93E-05
4921,3.93E-05
4922,3.93E-05
4923,3.93E-05
4924,3.93E-05
4925,3.93E-05
4926,3.93E-05
4927,3.93E-05
4929,3.93E-05
4931,3.93E-05
4932,3.93E-05
4933,3.93E-05
4935,3.93E-05
4936,3.93E-05
4937,3.93E-05
4938,3.93E-05
4939,3.93E-05
4940,3.93E-05
4941,3.93E-05
4942,3.93E-05
4943,3.93E-05
4945,3.93E-05
4947,3.93E-05
4949,3.93E-05
4950,3.93E-05
4951,3.93E-05
4952,3.93E-05
4953,3.93E-05
4955,3.93E-05
4956,3.93E-05
4957,3.93E-05
4958,3.93E-05
4959,3.93E-05
4960,3.93E-05
4961,3.93E-05
4963,3.93E-05
4965,3.93E-05
4966,3.93E-05
4967,3.93E-05
4968,3.93E-05
4969,3.93E-05
4970,3.93E-05
4971,3.93E-05
4972,3.93E-05
4973,3.93E-05
4974,3.93E-05
4975,3.93E-05
4976,3.93E-05
4977,3.93E-05
4978,3.93E-05
4979,3.93E-05
4980,3.93E-05
4981,3.93E-05
4983,3.93E-05
4985,3.93E-05
4987,3.93E-05
4988,3.93E-05
4989,3.93E-05
4991,3.93E-05
4993,3.93E-05
4994,3.93E-05
4995,3.93E-05
4997,3.93E-05
4998,3.93E-05
4999,3.93E-05
